"ID","Description","GeneRatio","BgRatio","RichFactor","FoldEnrichment","zScore","pvalue","p.adjust","qvalue","geneID","Count"
"R-HSA-9012999","RHO GTPase cycle","264/4470","448/11214",0.589285714285714,1.47835570469799,8.41237586373457,7.6422791946216e-17,1.26938257422665e-13,1.09646595181781e-13,"ACTN1/CAV1/AMIGO2/PAK1/SPTBN1/CAVIN1/ARHGEF26/ARHGEF28/MCAM/RAC2/RND3/NGEF/EPHA2/DNMBP/ARAP3/SH3PXD2A/STK10/BASP1/PKN1/PAK6/BUB1B-PAK6/ARHGAP6/DOCK3/NHS/DST/CKB/FARP1/EFHD2/PIK3R3/CDC42EP2/TPM4/ARHGEF3/IQGAP1/DLC1/RASGRF2/ARHGEF1/VIM/ACTB/MCF2L/ACTG1/TRIP10/FGD1/PCDH7/RHOU/NET1/ARHGAP29/SOWAHC/PEAK1/DBT/CDC42EP1/RTKN/ARHGEF18/SWAP70/STOM/FMNL2/JAG1/ITGB1/TNFAIP1/JUP/LRRC1/IL32/DOCK9/CYBA/DSP/PLD1/PLEKHG5/ARHGAP44/TMOD3/RALBP1/FAM13B/SYDE1/ARHGAP25/ARHGAP18/FAM83B/PLEKHG2/HINT2/RHOG/DOCK5/CLTC/SRC/PLXNA1/ARHGEF7/SPATA13/CPNE8/PAK4/PLEKHG3/PDE5A/ARAP2/CDC42EP5/SPTAN1/RRAS2/PAK2/GFOD1/WASF3/RHPN2/MYO6/SLK/GJA1/FLOT2/ESYT1/RASAL2/BCR/DOCK10/RHOV/CCDC88A/PLEKHG1/TIAM1/PREX2/ROCK1/FNBP1L/ARHGAP31/DSG2/RHOA/FAM13A/SEMA4F/GOPC/CYFIP2/PREX1/RHOD/ARHGDIB/VANGL2/NCF2/VAMP3/RAB7A/PARD6A/ARHGEF17/IQGAP2/POTEE/KALRN/SRGAP3/ARHGAP27/ABL2/ARAP1/NSFL1C/TPM3/CKAP4/ARHGAP1/TJP2/ARHGAP24/ARHGAP19/ARHGAP30/PLXNB1/ABI1/VAV2/YKT6/CDC42/ITSN1/PTPN13/PICALM/RAC1/ARHGEF39/LMAN1/FAM169A/ANKLE2/FARP2/SHKBP1/DEF6/NCK2/FAM135A/NDUFA5/FLOT1/BLTP3B/RHOB/HGS/SH3BP1/MYO9B/RHOQ/TWF1/SRGAP1/DOCK4/ARHGEF2/TRIO/MTX1/AKAP12/SCRIB/ARHGAP33/GIT1/ARHGAP21/ARHGEF11/EPSTI1/CAPZB/SLC1A5/RHOBTB1/GNA13/ARHGDIA/KCTD13/RHPN1/ARHGEF40/ABI2/VRK2/OCRL/ROCK2/VAV3/CDC37/SNAP23/WASL/ARHGEF10/NCKAP1/SLC4A7/DOCK6/ARHGEF5/NOXA1/ARHGAP22/MSI2/RHOC/RALGAPA1/VANGL1/ARFGAP2/RHOF/PIK3CA/MPP7/SOS1/RHOBTB2/DOCK2/ALS2/ARHGEF4/ARHGDIG/NDUFS3/GRB7/USP9X/ARHGAP45/STK38/FERMT2/DIAPH2/HSPE1/ARHGAP20/PLD2/TAGAP/STARD13/FGD3/RAC3/DIAPH3/ADD3/DSG1/ZAP70/LMNB1/NCK1/ANLN/ARHGAP12/FGD5/PLEKHG4/MOSPD2/MYO9A/MCF2/SLITRK3/FILIP1/STARD8/CPD/ARHGEF9/WIPF1/FMNL1/NIPSNAP2/FGD2/ARHGAP32/PIK3R1/HMOX2/EMC3/SOS2/SPEN/RND1/CDC42BPA/ARHGAP4/ARHGAP5/WAS",264
"R-HSA-1474244","Extracellular matrix organization","195/4470","321/11214",0.607476635514019,1.5239917205043,7.75459429024951,1.53782614270752e-14,1.2771646115186e-11,1.10318791184755e-11,"ACTN1/COL4A2/ITGA3/LAMC2/COL17A1/MMP14/SPARC/ITGB8/ITGB4/COL16A1/FN1/LOXL2/PDGFA/ADAM8/SH3PXD2A/LTBP2/SERPINH1/SDC1/NTN4/COL12A1/SDC4/FBN2/FBLN1/P3H3/ITGA2/DST/ITGB5/LAMB1/HTRA1/ADAM19/TGFB2/CAPN2/COL7A1/ACTB/ACTG1/THBS1/ITGB6/DMD/ICAM1/MMP2/DDR1/ITGA6/CEACAM1/CAPN1/LAMA3/BMP1/COL4A1/SERPINE1/TIMP1/APP/PLEC/TGFB1/LAMB3/CD44/KLK2/FURIN/CTSB/COL5A2/EFEMP2/MFAP2/HSPG2/VCAN/COL4A6/ITGB1/NID1/PLOD3/ITGA5/P4HA2/COL8A1/MMP1/SNTA1/AGRN/SGCE/ADAM17/LRP4/MMP11/COL6A1/COL22A1/PXDN/MMP15/MATN3/COL18A1/ADAMTS3/ADAMTS14/ITGA4/TNC/BMP2/CEACAM6/COL27A1/CAPN3/FBN1/CAPNS2/ADAM15/LAMA1/CD47/COL9A3/MMP10/SSPN/LAMC3/ADAM9/ITGA1/COLGALT2/TLL1/TTR/CAPN12/MMP17/MFAP5/BMP4/ICAM3/PLOD2/F11R/EFEMP1/EMILIN2/KLK7/CRTAP/PTPRS/CAPN9/BSG/ICAM2/LAMA2/CTSS/LAMA5/ADAM10/FMOD/P3H2/ACTA2/ELN/LAMA4/PDGFB/MMP19/CTSD/VWF/SCUBE1/CD151/P4HB/FBLN5/CAPN5/MMP9/COL6A2/CASP3/KLKB1/ITGAV/MMP16/NRXN1/P4HA1/COL26A1/FBLN2/DTNA/PCOLCE2/COL9A2/MMP7/COL1A1/SDC3/PRSS1/COL5A3/COL8A2/UTRN/SDC2/COL21A1/ITGAL/PHYKPL/LTBP4/CAPN13/NID2/CAPN14/TGFB3/CTRB2/GDF5/SNTG2/ADAMTS1/CTSV/SNTB2/ITGA11/ITGAD/ITGB7/LTBP3/LOX/LOXL1/MMP24/SGCB/COL4A3/ICAM5/LTBP1/COL13A1/MMP13/LAMC1/CTRB1/ICAM4/P4HA3/COL1A2/COL4A4/ITGB3/SPP1/TLL2/CAPN6",195
"R-HSA-2682334","EPH-Ephrin signaling","71/4470","92/11214",0.771739130434783,1.93608112051357,7.33959077831896,2.84926349591854e-13,1.57754222224023e-10,1.36264777015332e-10,"PAK1/ARHGEF28/EFNB1/NGEF/EPHA2/MYH9/ARPC2/EPHA3/EPHB3/EFNB2/ACTB/ACTG1/MMP2/ACTR2/MYL12B/EPHA1/ARPC1B/EFNA5/MYH14/EPHA10/MYL12A/CLTB/FYN/EPHA7/CLTC/SRC/ARHGEF7/EPHA6/PAK2/MYL9/TIAM1/ROCK1/LIMK2/RHOA/EPHB4/EFNA4/SDCBP/KALRN/VAV2/YES1/EFNA1/CDC42/ITSN1/RAC1/ADAM10/GRIN1/ARPC3/NCK2/PTK2/EFNA3/APH1A/MMP9/GIT1/RASA1/PSEN2/APH1B/ACTR3/ROCK2/VAV3/MYL6/WASL/EPHB6/SDC2/CLTCL1/CFL1/ARPC4/EPHB2/EFNA2/LYN/EPHA4/MYH11",71
"R-HSA-9013149","RAC1 GTPase cycle","121/4470","185/11214",0.654054054054054,1.64084164701614,7.15524346341782,1.36560648371531e-12,5.67068092362784e-10,4.89821483501045e-10,"CAV1/AMIGO2/PAK1/MCAM/NGEF/EPHA2/ARAP3/PKN1/PAK6/BUB1B-PAK6/DOCK3/NHS/FARP1/PIK3R3/IQGAP1/DLC1/RASGRF2/MCF2L/ARHGAP29/CDC42EP1/ARHGEF18/SWAP70/JAG1/ITGB1/DOCK9/CYBA/PLD1/ARHGAP44/RALBP1/FAM13B/ARHGAP25/PLEKHG2/DOCK5/ARHGEF7/SPATA13/PAK4/PLEKHG3/ARAP2/PAK2/WASF3/ESYT1/BCR/DOCK10/PLEKHG1/TIAM1/PREX2/ARHGAP31/FAM13A/CYFIP2/PREX1/ARHGDIB/NCF2/VAMP3/RAB7A/PARD6A/IQGAP2/KALRN/SRGAP3/ARHGAP27/ABL2/ARAP1/ARHGAP1/ARHGAP24/ARHGAP30/ABI1/VAV2/YKT6/CDC42/RAC1/ARHGEF39/FARP2/DEF6/SH3BP1/MYO9B/SRGAP1/DOCK4/TRIO/ARHGAP33/GIT1/ARHGAP21/ARHGEF11/SLC1A5/GNA13/ARHGDIA/ABI2/VRK2/VAV3/SNAP23/WASL/ARHGEF10/NCKAP1/DOCK6/ARHGEF5/NOXA1/ARHGAP22/VANGL1/PIK3CA/MPP7/SOS1/DOCK2/ALS2/ARHGEF4/ARHGAP45/FERMT2/ARHGAP20/PLD2/TAGAP/DIAPH3/ARHGAP12/FGD5/PLEKHG4/MCF2/WIPF1/FMNL1/ARHGAP32/PIK3R1/SOS2/CDC42BPA/ARHGAP4/ARHGAP5/WAS",121
"R-HSA-76002","Platelet activation, signaling and aggregation","158/4470","262/11214",0.603053435114504,1.51289512782417,6.83893370012375,1.15096722852394e-11,3.82351313315652e-09,3.30267017363816e-09,"ACTN1/SPARC/SYK/RAC2/ARRB1/FN1/PDGFA/TMSB4X/GAS6/FLNA/IGF2/TAGLN2/GNAI2/ACTN4/DAGLA/CAP1/PIK3R3/ANXA5/LGALS3BP/TGFB2/DGKA/CYRIB/THBS1/PCDH7/TMX3/GNA15/GNAQ/SERPINE1/TIMP1/APP/VEGFC/FAM3C/ABCC4/TGFB1/EGF/RAP1B/PDPN/CD109/SHC1/GNG12/GNG11/ENDOD1/PFN1/F8/YWHAZ/P2RY1/SELENOP/TLN1/PTPN1/FYN/RHOG/SRC/ADRA2A/CALU/MGLL/VEGFB/RAPGEF3/DGKB/GNAI3/ECM1/ITPR3/PLA2G4A/ALB/BCAR1/SERPINA1/IGF1/CALM2/F5/RHOA/APLP2/WDR1/MAPK1/GNB5/PCYOX1L/TEX264/LHFPL2/TOR4A/SERPINF2/DGKH/TIMP3/DGKZ/SERPING1/GNG7/ARRB2/ABHD12/MAPK14/VAV2/PIK3R5/CDC42/SRGN/CD63/GNG5/RAC1/VCL/PDGFB/CRK/GNAI1/VWF/PTK2/SCCPDH/RHOB/F2R/DGKD/GNA14/HSPA5/GNA12/AHSG/APOOL/ITPR2/GNB3/GNG2/PIK3CB/PROS1/GP1BA/CLU/GNA13/DGKQ/ITPR1/F13A1/STX4/VAV3/COL1A1/VEGFA/RAPGEF4/ADRA2C/PRKCD/PLCG2/BRPF3/ALDOA/PIK3CA/PHACTR2/GNG13/GNG4/SOS1/ABHD6/SOD1/PRKCE/RAB27B/SERPINA3/DGKG/CFL1/RARRES2/TGFB3/GNG10/ITIH4/RASGRP1/A1BG/CLEC3B/LYN/PSAP/MPIG6B/PIK3R1/CYB5R1/COL1A2/GP6/GTPBP2/ITGB3/SYTL4",158
"R-HSA-9013148","CDC42 GTPase cycle","101/4470","154/11214",0.655844155844156,1.64533251982916,6.5648111847642,7.71066871230365e-11,2.13457012185606e-08,1.8437967464684e-08,"CAV1/PAK1/ARHGEF26/NGEF/DNMBP/ARAP3/SH3PXD2A/PAK6/BUB1B-PAK6/FARP1/CDC42EP2/IQGAP1/DLC1/RASGRF2/MCF2L/FGD1/ARHGAP29/CDC42EP1/STOM/FMNL2/JUP/DOCK9/PLD1/ARHGAP44/RALBP1/FAM13B/SYDE1/PLEKHG2/ARHGEF7/SPATA13/CPNE8/PAK4/PLEKHG3/ARAP2/CDC42EP5/PAK2/BCR/DOCK10/PLEKHG1/TIAM1/PREX2/FNBP1L/ARHGAP31/PREX1/ARHGDIB/VAMP3/RAB7A/PARD6A/IQGAP2/SRGAP3/ARHGAP27/ARAP1/ARHGAP1/ARHGAP24/ARHGAP30/VAV2/YKT6/CDC42/ITSN1/SHKBP1/DEF6/MYO9B/SRGAP1/TRIO/SCRIB/ARHGAP33/GIT1/ARHGAP21/ARHGEF11/GNA13/ARHGDIA/VAV3/SNAP23/WASL/ARHGEF10/DOCK6/ARHGEF5/ARHGAP22/VANGL1/ARFGAP2/ARHGEF4/ARHGDIG/ARHGAP45/ARHGAP20/TAGAP/STARD13/FGD3/DIAPH3/PLEKHG4/MCF2/STARD8/ARHGEF9/WIPF1/FMNL1/FGD2/ARHGAP32/PIK3R1/CDC42BPA/ARHGAP4/ARHGAP5/WAS",101
"R-HSA-3928662","EPHB-mediated forward signaling","35/4470","42/11214",0.833333333333333,2.09060402684564,5.76477246516263,8.63661545910719e-09,2.04934546822529e-06,1.77018148432528e-06,"PAK1/ARHGEF28/EFNB1/ARPC2/EPHB3/EFNB2/ACTB/ACTG1/ACTR2/ARPC1B/FYN/SRC/TIAM1/ROCK1/LIMK2/RHOA/EPHB4/KALRN/YES1/CDC42/ITSN1/RAC1/GRIN1/ARPC3/PTK2/RASA1/ACTR3/ROCK2/WASL/EPHB6/SDC2/CFL1/ARPC4/EPHB2/LYN",35
"R-HSA-3000157","Laminin interactions","27/4470","30/11214",0.9,2.25785234899329,5.61626517588996,1.49355647928993e-08,2.75644145788953e-06,2.38095611844699e-06,"COL4A2/ITGA3/LAMC2/ITGB4/ITGA2/LAMB1/COL7A1/ITGA6/LAMA3/COL4A1/LAMB3/HSPG2/COL4A6/ITGB1/NID1/COL18A1/LAMA1/LAMC3/ITGA1/LAMA2/LAMA5/LAMA4/ITGAV/NID2/COL4A3/LAMC1/COL4A4",27
"R-HSA-3928663","EPHA-mediated growth cone collapse","27/4470","30/11214",0.9,2.25785234899329,5.61626517588996,1.49355647928993e-08,2.75644145788953e-06,2.38095611844699e-06,"NGEF/EPHA2/MYH9/EPHA3/MYL12B/EPHA1/EFNA5/MYH14/EPHA10/MYL12A/FYN/EPHA7/SRC/EPHA6/MYL9/ROCK1/RHOA/EFNA4/YES1/EFNA1/EFNA3/ROCK2/MYL6/EFNA2/LYN/EPHA4/MYH11",27
"R-HSA-416482","G alpha (12/13) signalling events","56/4470","80/11214",0.7,1.75610738255034,5.52533679368913,4.28846506208387e-08,7.06504414133498e-06,6.10263643628732e-06,"ARHGEF26/NGEF/ARHGEF3/RASGRF2/ARHGEF1/MCF2L/FGD1/NET1/ARHGEF18/PLEKHG5/GNG12/GNG11/PLEKHG2/ARHGEF7/TIAM1/ROCK1/RHOA/PREX1/GNB5/ARHGEF17/GNG7/KALRN/PLXNB1/VAV2/ITSN1/GNG5/ARHGEF39/ADRA1D/RHOB/ARHGEF37/ARHGEF2/TRIO/GNA12/ARHGEF11/GNB3/GNG2/GNA13/ARHGEF40/ROCK2/VAV3/ARHGEF10/ARHGEF5/RHOC/GNG13/GNG4/SOS1/ARHGEF4/GNG10/FGD3/MCF2/ARHGEF9/ARHGEF33/FGD2/ADRA1B/SOS2/ARHGEF38",56
"R-HSA-8980692","RHOA GTPase cycle","91/4470","147/11214",0.619047619047619,1.55302013422819,5.49465649941017,4.67883717969204e-08,7.06504414133498e-06,6.10263643628732e-06,"CAV1/CAVIN1/ARHGEF28/MCAM/NGEF/ARAP3/STK10/PKN1/ARHGAP6/FARP1/ARHGEF3/IQGAP1/DLC1/RASGRF2/ARHGEF1/MCF2L/PCDH7/NET1/ARHGAP29/SOWAHC/RTKN/ARHGEF18/STOM/JUP/PLD1/PLEKHG5/ARHGAP44/ARHGAP18/ARHGEF7/PLEKHG3/ARAP2/RHPN2/SLK/FLOT2/BCR/TIAM1/PREX2/ROCK1/ARHGAP31/RHOA/FAM13A/PREX1/ARHGDIB/VAMP3/ARHGEF17/KALRN/ARAP1/ARHGAP1/TJP2/ARHGAP24/ARHGAP19/ARHGAP30/VAV2/YKT6/LMAN1/DEF6/FLOT1/MYO9B/SRGAP1/ARHGEF2/TRIO/ARHGAP21/ARHGEF11/ARHGDIA/RHPN1/ARHGEF40/ROCK2/VAV3/SNAP23/ARHGEF10/ARHGEF5/ARHGAP22/VANGL1/DOCK2/ARHGEF4/ARHGAP45/ARHGAP20/TAGAP/STARD13/DIAPH3/ANLN/PLEKHG4/MYO9A/MCF2/STARD8/ARHGAP32/PIK3R1/HMOX2/EMC3/ARHGAP4/ARHGAP5",91
"R-HSA-73887","Death Receptor Signaling","94/4470","154/11214",0.61038961038961,1.53129957291031,5.4047816769336,7.53031522250075e-08,1.04232113204781e-05,9.0033505686566e-06,"ARHGEF26/NGEF/FAS/OPTN/TNFAIP3/RTN4/ARHGEF3/RASGRF2/ARHGEF1/MCF2L/FGD1/NET1/ARHGEF18/PLEKHG5/ADAM17/TNFRSF1A/PLEKHG2/ARHGEF7/NGFR/TRADD/MAP3K7/CASP10/TIAM1/RHOA/PREX1/BCL2L11/TRAF1/UBE2D3/BIRC3/RIPK1/ARHGEF17/KALRN/LINGO1/VAV2/TAB3/ITSN1/RAC1/ARHGEF39/TNF/NFKB1/TNFRSF10A/CHUK/TNFRSF10B/ARHGEF37/APH1A/ARHGEF2/TRIO/CASP3/TNFSF10/ARHGEF11/BEX3/BAD/BIRC2/TBK1/USP2/MYD88/GNA13/ARHGDIA/ARHGEF40/SMPD3/RTN4R/PSEN2/APH1B/VAV3/ARHGEF10/ARHGEF5/TRAF6/SOS1/USP4/PRKCI/CYLD/UBC/MADD/RIPK2/UBB/ARHGEF4/USP21/TAB2/RBCK1/FGD3/TAX1BP1/SPPL2B/TNFRSF10D/MCF2/ARHGEF9/ULK1/SMPD2/ARHGEF33/FGD2/OTUD1/MIB2/SOS2/NGF/ARHGEF38",94
"R-HSA-373755","Semaphorin interactions","47/4470","65/11214",0.723076923076923,1.81400103252452,5.35820799684059,1.07898854116664e-07,1.37861535913676e-05,1.19081893247784e-05,"MET/PAK1/PLXNA2/SEMA7A/SEMA6A/MYH9/MYL12B/MYH14/MYL12A/SEMA3A/ITGB1/TLN1/FYN/PLXNA1/SEMA5A/PAK2/RRAS/MYL9/ROCK1/LIMK2/RHOA/NRP1/ITGA1/DPYSL5/PLXNB1/TREM2/RAC1/FARP2/RHOB/DPYSL4/ARHGEF11/DPYSL2/PLXNA3/ROCK2/MYL6/RHOC/FES/CFL1/CDK5/GSK3B/PLXNC1/SEMA4A/SEMA3E/SEMA4D/MYH11/RND1/CD72",47
"R-HSA-428157","Sphingolipid metabolism","69/4470","106/11214",0.650943396226415,1.63303786247942,5.33114598563464,1.19735221316607e-07,1.42057287576346e-05,1.22706095228974e-05,"B3GNT5/ARSJ/KDSR/UGT8/PRKD1/PLPP1/PRKD2/UGCG/A4GALT/GLB1L2/SPTLC2/SPHK1/GM2A/CERS1/PLPP2/CERS6/B3GALNT1/ARSG/ACER3/ST3GAL2/GLB1L3/SPTLC1/M6PR/CERS3/ARSI/SGMS2/SMPD1/ST6GALNAC5/ARSA/SGPL1/SUMF1/PPM1L/DEGS1/ABCG2/STS/SPTSSB/ST6GALNAC6/CERS5/ST3GAL5/CYB5B/CERK/ARSD/CERS4/GLB1/CERS2/VAPA/B4GALNT1/GBA2/CTSA/SMPD3/NEU4/PLPP3/PRKD3/GALC/FA2H/ACER1/FUT1/ARSB/ARSK/MFSD2B/SPTLC3/ST8SIA5/B4GALT6/PSAP/HEXA/SMPD2/FUT2/SAMD8/ASAH2",69
"R-HSA-3000171","Non-integrin membrane-ECM interactions","55/4470","80/11214",0.6875,1.72474832214765,5.29617705493081,1.49512032932051e-07,1.65559657800091e-05,1.43006947990446e-05,"ACTN1/COL4A2/LAMC2/ITGB4/FN1/PDGFA/SDC1/NTN4/SDC4/ITGA2/ITGB5/LAMB1/ACTB/ACTG1/THBS1/DMD/DDR1/ITGA6/LAMA3/COL4A1/TGFB1/LAMB3/COL5A2/HSPG2/COL4A6/ITGB1/SNTA1/AGRN/SGCE/TNC/LAMA1/SSPN/LAMC3/TTR/LAMA2/LAMA5/ACTA2/LAMA4/PDGFB/ITGAV/NRXN1/DTNA/COL1A1/SDC3/COL5A3/UTRN/SDC2/SNTG2/SNTB2/SGCB/COL4A3/LAMC1/COL1A2/COL4A4/ITGB3",55
"R-HSA-1474290","Collagen formation","60/4470","90/11214",0.666666666666667,1.67248322147651,5.21468536212367,2.26604483211377e-07,2.35243779133811e-05,2.03198625405991e-05,"COL4A2/LAMC2/COL17A1/ITGB4/COL16A1/LOXL2/SERPINH1/COL12A1/P3H3/DST/COL7A1/ITGA6/LAMA3/BMP1/COL4A1/PLEC/LAMB3/CTSB/COL5A2/COL4A6/PLOD3/P4HA2/COL8A1/COL6A1/COL22A1/PXDN/COL18A1/ADAMTS3/ADAMTS14/COL27A1/COL9A3/COLGALT2/TLL1/PLOD2/CRTAP/CTSS/P3H2/CD151/P4HB/MMP9/COL6A2/P4HA1/COL26A1/PCOLCE2/COL9A2/MMP7/COL1A1/COL5A3/COL8A2/COL21A1/CTSV/LOX/LOXL1/COL4A3/COL13A1/MMP13/P4HA3/COL1A2/COL4A4/TLL2",60
"R-HSA-1474228","Degradation of the extracellular matrix","85/4470","140/11214",0.607142857142857,1.52315436241611,5.0710454290209,4.35495228823703e-07,4.25504455927159e-05,3.67541793737899e-05,"COL4A2/LAMC2/COL17A1/MMP14/COL16A1/FN1/ADAM8/COL12A1/FBN2/LAMB1/HTRA1/CAPN2/COL7A1/MMP2/CAPN1/LAMA3/BMP1/COL4A1/TIMP1/LAMB3/CD44/KLK2/FURIN/CTSB/COL5A2/HSPG2/COL4A6/NID1/COL8A1/MMP1/ADAM17/MMP11/COL6A1/MMP15/COL18A1/CAPN3/FBN1/CAPNS2/ADAM15/COL9A3/MMP10/ADAM9/TLL1/CAPN12/MMP17/KLK7/CAPN9/BSG/CTSS/LAMA5/ADAM10/ELN/MMP19/CTSD/SCUBE1/CAPN5/MMP9/COL6A2/CASP3/KLKB1/MMP16/COL26A1/COL9A2/MMP7/COL1A1/PRSS1/COL5A3/COL8A2/PHYKPL/CAPN13/CAPN14/CTRB2/ADAMTS1/CTSV/MMP24/COL4A3/COL13A1/MMP13/LAMC1/CTRB1/COL1A2/COL4A4/SPP1/TLL2/CAPN6",85
"R-HSA-1500931","Cell-Cell communication","91/4470","153/11214",0.594771241830065,1.4921173838663,4.98968486561527,6.41248542372472e-07,5.86619747451123e-05,5.06709791676467e-05,"KRT5/ACTN1/LAMC2/COL17A1/SPTBN1/SIRPA/ANGPTL4/ITGB4/VASP/PARD3/FLNA/CLDN1/FBLIM1/ACTN4/DST/PXN/ADAM19/PARD6G/IQGAP1/ACTB/ACTG1/ITGA6/KIRREL1/LAMA3/PLEC/CTNNB1/LAMB3/NECTIN2/CDH4/PVR/ITGB1/CLDN3/JUP/SFTPA2/CDH3/KRT14/NECTIN1/FYN/SRC/SPTAN1/FYB1/TNRC6C/SNAI1/PRDM8/CDH13/CADM1/CD47/CLDN15/PARD6A/CDH24/CLDN11/SDK2/PARVA/F11R/NECTIN4/SIRPB1/CDH11/NCK2/RSU1/PTK2/CD151/MOV10/ANG/AGO1/CDH2/CLDN8/PIK3CB/CLDN4/AFDN/PARVB/SDK1/CDH15/WASL/TNRC6B/PIK3CA/CDH12/PRKCI/CRB3/ILK/CDH8/FERMT2/CLDN9/CLDN16/NCK1/SFTPA1/CLDN23/AMOT/PIK3R1/ZC3H12A/ZEB2/FLNC",91
"R-HSA-114608","Platelet degranulation","79/4470","129/11214",0.612403100775194,1.53635086624005,4.98806247836403,6.71028007319165e-07,5.86619747451123e-05,5.06709791676467e-05,"ACTN1/SPARC/FN1/PDGFA/TMSB4X/GAS6/FLNA/IGF2/TAGLN2/ACTN4/CAP1/ANXA5/LGALS3BP/TGFB2/CYRIB/THBS1/PCDH7/TMX3/SERPINE1/TIMP1/APP/VEGFC/FAM3C/ABCC4/TGFB1/EGF/CD109/ENDOD1/PFN1/F8/SELENOP/TLN1/CALU/VEGFB/ECM1/ALB/SERPINA1/IGF1/CALM2/F5/APLP2/WDR1/PCYOX1L/TEX264/LHFPL2/TOR4A/SERPINF2/TIMP3/SERPING1/SRGN/CD63/VCL/PDGFB/VWF/SCCPDH/HSPA5/AHSG/APOOL/PROS1/CLU/F13A1/VEGFA/BRPF3/ALDOA/PHACTR2/SOD1/RAB27B/SERPINA3/CFL1/RARRES2/TGFB3/ITIH4/A1BG/CLEC3B/PSAP/CYB5R1/GTPBP2/ITGB3/SYTL4",79
"R-HSA-193648","NRAGE signals death through JNK","42/4470","59/11214",0.711864406779661,1.78587191445797,4.92718510896589,1.02928196814419e-06,8.23961617307985e-05,7.11720703691995e-05,"ARHGEF26/NGEF/ARHGEF3/RASGRF2/ARHGEF1/MCF2L/FGD1/NET1/ARHGEF18/PLEKHG5/PLEKHG2/ARHGEF7/NGFR/TIAM1/PREX1/BCL2L11/ARHGEF17/KALRN/VAV2/ITSN1/RAC1/ARHGEF39/ARHGEF37/ARHGEF2/TRIO/ARHGEF11/BAD/GNA13/ARHGEF40/VAV3/ARHGEF10/ARHGEF5/SOS1/ARHGEF4/FGD3/MCF2/ARHGEF9/ARHGEF33/FGD2/SOS2/NGF/ARHGEF38",42
"R-HSA-9013026","RHOB GTPase cycle","48/4470","70/11214",0.685714285714286,1.72026845637584,4.92128771081914,1.04173353181624e-06,8.23961617307985e-05,7.11720703691995e-05,"CAV1/CAVIN1/ARHGEF28/MCAM/STK10/PKN1/ARHGEF3/DLC1/ARHGEF1/MCF2L/PCDH7/NET1/SOWAHC/RTKN/STOM/JUP/RHPN2/SLK/FLOT2/BCR/ROCK1/PREX1/VAMP3/ARHGEF17/ARHGAP1/TJP2/VAV2/FLOT1/RHOB/MYO9B/ARHGEF2/ARHGAP21/ARHGEF11/ROCK2/SNAP23/ARHGEF10/ARHGEF5/VANGL1/ARHGDIG/STARD13/DIAPH3/ANLN/MYO9A/MCF2/STARD8/ARHGAP32/PIK3R1/ARHGAP5",48
"R-HSA-196854","Metabolism of vitamins and cofactors","112/4470","198/11214",0.565656565656566,1.41907667276795,4.84361940610332,1.23521125978429e-06,9.32584501137136e-05,8.05546864634441e-05,"GPC1/NT5E/SDC1/GSTO2/SDC4/NUDT8/ENPP1/PARP6/SLC2A1/PCCB/PARP10/GSTO1/ACP5/MCCC1/RBP1/QPRT/COQ8A/NADK2/HSPG2/CYB5R3/AOX1/SLC23A2/AGRN/ACACB/PRSS3/APOE/MTHFD1L/COQ6/LRP10/SLC19A2/LDLR/COQ9/CALM2/GCHFR/NADK/SLC2A3/IDH1/TTPA/TCN1/LRAT/LRP8/ACO1/TTR/MCCC2/COQ8B/LRP1/PARP14/GPC3/ALDH1L1/ALDH1L2/LRP12/GCH1/MMACHC/SLC25A42/LPL/AKR1B10/THTPA/COQ7/PLB1/COQ5/SLC25A32/ENPP3/AKR1C1/PNLIP/GPC6/CYB5A/BCO2/MOCS1/NAXE/NAXD/DHFR/PPCS/NFS1/SLC23A1/PDSS2/SDC3/NAMPT/PRSS1/PARP16/CD320/SDC2/PANK1/SLC25A16/MOCOS/TPK1/RFK/CTRB2/PRKG2/BST1/COQ3/PANK4/UBIAD1/SPR/TCN2/NMNAT2/SLC25A19/PNPO/MTHFR/PARP8/VNN1/MTRR/SLC46A1/RNLS/BTD/PC/LMBRD1/CTRB1/SLC19A1/MTHFS/HPDL/NOS3/GPC2",112
"R-HSA-446728","Cell junction organization","71/4470","115/11214",0.617391304347826,1.54886489641085,4.81646425929139,1.58788821671095e-06,0.000114673144693778,9.90522489417401e-05,"KRT5/ACTN1/LAMC2/COL17A1/ANGPTL4/ITGB4/VASP/PARD3/FLNA/CLDN1/FBLIM1/DST/PXN/ADAM19/PARD6G/ACTB/ACTG1/ITGA6/LAMA3/PLEC/CTNNB1/LAMB3/NECTIN2/CDH4/PVR/ITGB1/CLDN3/JUP/CDH3/KRT14/NECTIN1/TNRC6C/SNAI1/PRDM8/CDH13/CADM1/CLDN15/PARD6A/CDH24/CLDN11/SDK2/PARVA/F11R/NECTIN4/CDH11/RSU1/CD151/MOV10/ANG/AGO1/CDH2/CLDN8/CLDN4/AFDN/PARVB/SDK1/CDH15/TNRC6B/CDH12/PRKCI/CRB3/ILK/CDH8/FERMT2/CLDN9/CLDN16/CLDN23/AMOT/ZC3H12A/ZEB2/FLNC",71
"R-HSA-3928665","EPH-ephrin mediated repulsion of cells","37/4470","51/11214",0.725490196078431,1.82005527043032,4.77852257030695,2.16493257553768e-06,0.000149831375332003,0.000129421188616572,"EFNB1/EPHA2/EPHA3/EPHB3/EFNB2/ACTB/ACTG1/MMP2/EPHA1/EFNA5/EPHA10/CLTB/FYN/EPHA7/CLTC/SRC/EPHA6/TIAM1/EPHB4/EFNA4/VAV2/YES1/EFNA1/RAC1/ADAM10/EFNA3/APH1A/MMP9/PSEN2/APH1B/VAV3/EPHB6/CLTCL1/EPHB2/EFNA2/LYN/EPHA4",37
"R-HSA-1566948","Elastic fibre formation","33/4470","44/11214",0.75,1.88154362416107,4.76979212509988,2.26961260247995e-06,0.000150793061308768,0.000130251872723376,"ITGB8/FN1/LOXL2/LTBP2/FBN2/FBLN1/ITGB5/TGFB2/ITGB6/TGFB1/FURIN/EFEMP2/MFAP2/ITGB1/ITGA5/BMP2/FBN1/MFAP5/BMP4/EFEMP1/EMILIN2/ELN/FBLN5/ITGAV/FBLN2/LTBP4/TGFB3/GDF5/LTBP3/LOX/LOXL1/LTBP1/ITGB3",33
"R-HSA-76005","Response to elevated platelet cytosolic Ca2+","80/4470","134/11214",0.597014925373134,1.49774616848643,4.71896043861745,2.43998568525436e-06,0.000155877547046442,0.000134643744493996,"ACTN1/SPARC/FN1/PDGFA/TMSB4X/GAS6/FLNA/IGF2/TAGLN2/ACTN4/CAP1/ANXA5/LGALS3BP/TGFB2/CYRIB/THBS1/PCDH7/TMX3/SERPINE1/TIMP1/APP/VEGFC/FAM3C/ABCC4/TGFB1/EGF/CD109/ENDOD1/PFN1/F8/SELENOP/TLN1/CALU/VEGFB/ECM1/ALB/SERPINA1/IGF1/CALM2/F5/APLP2/WDR1/PCYOX1L/TEX264/LHFPL2/TOR4A/SERPINF2/TIMP3/SERPING1/SRGN/CD63/VCL/PDGFB/VWF/SCCPDH/HSPA5/AHSG/APOOL/PROS1/CLU/F13A1/STX4/VEGFA/BRPF3/ALDOA/PHACTR2/SOD1/RAB27B/SERPINA3/CFL1/RARRES2/TGFB3/ITIH4/A1BG/CLEC3B/PSAP/CYB5R1/GTPBP2/ITGB3/SYTL4",80
"R-HSA-193704","p75 NTR receptor-mediated signalling","61/4470","97/11214",0.628865979381443,1.57765169860929,4.65172477100569,3.58025765473094e-06,0.000220252146833633,0.000190249168943402,"ARHGEF26/NGEF/RTN4/ARHGEF3/RASGRF2/ARHGEF1/MCF2L/FGD1/NET1/ARHGEF18/PLEKHG5/ADAM17/PLEKHG2/ARHGEF7/NGFR/TIAM1/RHOA/PREX1/BCL2L11/ARHGEF17/KALRN/LINGO1/VAV2/ITSN1/RAC1/ARHGEF39/NFKB1/ARHGEF37/APH1A/ARHGEF2/TRIO/CASP3/ARHGEF11/BEX3/BAD/MYD88/GNA13/ARHGDIA/ARHGEF40/RTN4R/PSEN2/APH1B/VAV3/ARHGEF10/ARHGEF5/TRAF6/SOS1/PRKCI/UBC/RIPK2/UBB/ARHGEF4/FGD3/MCF2/ARHGEF9/SMPD2/ARHGEF33/FGD2/SOS2/NGF/ARHGEF38",61
"R-HSA-204998","Cell death signalling via NRAGE, NRIF and NADE","50/4470","76/11214",0.657894736842105,1.65047686329919,4.63223874760486,4.11198130280738e-06,0.000243928605141538,0.000210700395328062,"ARHGEF26/NGEF/ARHGEF3/RASGRF2/ARHGEF1/MCF2L/FGD1/NET1/ARHGEF18/PLEKHG5/PLEKHG2/ARHGEF7/NGFR/TIAM1/PREX1/BCL2L11/ARHGEF17/KALRN/VAV2/ITSN1/RAC1/ARHGEF39/ARHGEF37/APH1A/ARHGEF2/TRIO/CASP3/ARHGEF11/BEX3/BAD/GNA13/ARHGEF40/PSEN2/APH1B/VAV3/ARHGEF10/ARHGEF5/TRAF6/SOS1/UBC/UBB/ARHGEF4/FGD3/MCF2/ARHGEF9/ARHGEF33/FGD2/SOS2/NGF/ARHGEF38",50
"R-HSA-1793185","Chondroitin sulfate/dermatan sulfate metabolism","36/4470","51/11214",0.705882352941177,1.77086458744572,4.49188483091726,8.35891855303048e-06,0.000472882249317809,0.000408465734541762,"GPC1/SDC1/SDC4/CHST15/DSE/CSPG5/B3GALT6/HSPG2/VCAN/IDS/CHST3/CHST11/XYLT1/AGRN/XYLT2/UXS1/DSEL/CHPF/GPC3/HYAL3/CSPG4/CHPF2/CHST9/CHST7/GPC6/UST/CHSY1/SDC3/CSGALNACT1/SDC2/ARSB/HEXA/B3GAT1/CSGALNACT2/IDUA/GPC2",36
"R-HSA-1630316","Glycosaminoglycan metabolism","75/4470","127/11214",0.590551181102362,1.48153041272525,4.44298094092918,8.70740763420066e-06,0.000472882249317809,0.000408465734541762,"GPC1/HAS3/SDC1/EXT1/SDC4/ST3GAL1/CHST15/EXT2/DSE/GLB1L2/SLC26A1/B3GNT2/CSPG5/PAPSS2/B3GALT6/CD44/HSPG2/VCAN/IDS/CHST3/CHST11/XYLT1/AGRN/XYLT2/B3GNT3/HS3ST2/GUSB/UXS1/ST3GAL2/GLB1L3/HAS2/SLC35B3/HS3ST1/ST3GAL6/DSEL/CHPF/HPSE/HS6ST2/GPC3/HYAL3/FMOD/CSPG4/SLC35B2/CHPF2/CHST9/CHST7/CHST6/B3GNT7/GPC6/UST/B4GALT3/B4GALT1/GLB1/CHSY1/NAGLU/SDC3/CSGALNACT1/SDC2/CHST2/GLCE/SLC9A1/ST3GAL4/CEMIP/ARSB/HMMR/B4GAT1/B4GALT6/HEXA/SGSH/B3GAT1/CSGALNACT2/IDUA/SLC35D2/HS3ST4/GPC2",75
"R-HSA-381426","Regulation of Insulin-like Growth Factor (IGF) transport and uptake by Insulin-like Growth Factor Binding Proteins (IGFBPs)","74/4470","125/11214",0.592,1.48516510067114,4.44072888895891,8.82561693488988e-06,0.000472882249317809,0.000408465734541762,"LGALS1/PCSK9/PRSS23/FN1/GAS6/IGF2/FSTL3/LAMB1/IGFBP7/FSTL1/MMP2/TIMP1/APP/IGFBP4/KLK2/VCAN/IGFBP6/MMP1/APOE/SERPIND1/MFGE8/EVA1A/MELTF/CALU/PDIA6/FAM20C/MATN3/DNAJC3/C3/IGFBP5/TNC/ALB/CSF1/APOL1/SERPINA1/IGF1/F5/APLP2/FBN1/NUCB1/GPC3/BMP4/CHRDL1/CKAP4/MBTPS1/APOA5/ADAM10/CHGB/IL6/HSP90B1/P4HB/MIA3/CST3/TGOLN2/AHSG/CDH2/MSLN/GOLM1/MXRA8/CCN1/KLK13/PAPPA/ANO8/SDC2/KLK3/FUCA2/MGAT4A/LTBP1/LAMC1/AMTN/HRC/C4A/C4B/SPP1",74
"R-HSA-373760","L1CAM interactions","71/4470","119/11214",0.596638655462185,1.49680221081721,4.43556797380301,9.12808746769122e-06,0.000473804790119847,0.000409262605870498,"PAK1/SPTBN1/MSN/NRP2/ITGA2/LAMB1/ACTB/ACTG1/TUBB6/EZR/L1CAM/TUBA3D/DLG3/CNTN1/ITGB1/EGFR/ITGA5/SPTBN5/CSNK2A2/NRCAM/CLTC/SRC/SPTAN1/DLG1/TUBB3/NRP1/ANK3/LAMA1/MAPK1/SCN9A/TUBA3E/ITGA1/RPS6KA1/SDCBP/SHTN1/ANK1/MAP2K1/RPS6KA4/VAV2/CNTNAP1/RAC1/SCN2B/TUBB4A/RPS6KA6/SPTBN2/TUBA1A/KCNQ2/ITGAV/SPTB/DPYSL2/SCN2A/CSNK2A1/TUBB2A/TUBB2B/NUMB/SH3GL2/ANK2/NFASC/SPTBN4/TUBAL3/LYPLA2/EPHB2/DNM3/TUBA1C/SCN4B/RPS6KA3/DLG4/LAMC1/CNTN2/ITGB3/TUBA8",71
"R-HSA-2129379","Molecules associated with elastic fibres","28/4470","37/11214",0.756756756756757,1.89849446762198,4.4566603370928,1.01164679908955e-05,0.000509195555541742,0.000439832404197468,"ITGB8/FN1/LTBP2/FBN2/FBLN1/ITGB5/TGFB2/ITGB6/TGFB1/EFEMP2/MFAP2/ITGB1/BMP2/FBN1/MFAP5/BMP4/EFEMP1/EMILIN2/ELN/FBLN5/ITGAV/FBLN2/LTBP4/TGFB3/GDF5/LTBP3/LTBP1/ITGB3",28
"R-HSA-9013408","RHOG GTPase cycle","48/4470","74/11214",0.648648648648649,1.62728097224742,4.40748933671,1.14367450456128e-05,0.000558718632963613,0.000482609396197221,"CAV1/ARHGEF26/MCAM/EPHA2/DOCK3/MCF2L/CDC42EP1/ITGB1/PLD1/RHOG/DOCK5/PAK4/PLEKHG3/PAK2/ESYT1/DSG2/PREX1/ARHGDIB/VAMP3/RAB7A/IQGAP2/KALRN/ARHGAP1/VAV2/YKT6/CDC42/ITSN1/LMAN1/ANKLE2/NDUFA5/DOCK4/TRIO/ARHGAP21/ARHGDIA/VRK2/VAV3/ARHGEF5/VANGL1/MPP7/DOCK2/ARHGDIG/NDUFS3/HSPE1/DIAPH3/MCF2/ARHGAP32/PIK3R1/ARHGAP5",48
"R-HSA-9658195","Leishmania infection","92/4470","163/11214",0.56441717791411,1.41596738996171,4.35520086458901,1.21271231175092e-05,0.000559531986060633,0.000483311953484358,"SYK/PRKACB/NT5E/MYH9/ARPC2/GNAI2/GSDMD/ACTB/ACTG1/ACTR2/APP/ARPC1B/IL1A/FURIN/ADORA2B/IL18/CYBA/CASP1/GNG12/MYO10/GNG11/IL1B/GGT1/ADAM17/PRKAR2B/ADCY3/FYN/GNAZ/PLK2/SRC/ADCY1/WASF3/C3/GNAI3/ITPR3/RHBDF2/CALM2/NFKB2/CYFIP2/ADCY7/MAPK1/GNB5/GNG7/MAPK14/ABI1/VAV2/YES1/NLRP3/CDC42/GNG5/RAC1/PRKAR1A/IL6/ARPC3/P2RX4/NFKB1/CRK/GNAI1/PSTPIP1/PTK2/WNT5A/SUGT1/ADCY4/MYO9B/PYCARD/TXN/ITPR2/GNB3/MYO5A/GNG2/ITPR1/ABI2/NCKIPSD/ACTR3/VAV3/WASL/P2RX7/NCKAP1/NOXA1/PLCG2/GNG13/GNG4/ARPC4/ENTPD1/ENTPD5/GNG10/ABL1/NCK1/LYN/FZD7/WIPF1/WAS",92
"R-HSA-9824443","Parasitic Infection Pathways","92/4470","163/11214",0.56441717791411,1.41596738996171,4.35520086458901,1.21271231175092e-05,0.000559531986060633,0.000483311953484358,"SYK/PRKACB/NT5E/MYH9/ARPC2/GNAI2/GSDMD/ACTB/ACTG1/ACTR2/APP/ARPC1B/IL1A/FURIN/ADORA2B/IL18/CYBA/CASP1/GNG12/MYO10/GNG11/IL1B/GGT1/ADAM17/PRKAR2B/ADCY3/FYN/GNAZ/PLK2/SRC/ADCY1/WASF3/C3/GNAI3/ITPR3/RHBDF2/CALM2/NFKB2/CYFIP2/ADCY7/MAPK1/GNB5/GNG7/MAPK14/ABI1/VAV2/YES1/NLRP3/CDC42/GNG5/RAC1/PRKAR1A/IL6/ARPC3/P2RX4/NFKB1/CRK/GNAI1/PSTPIP1/PTK2/WNT5A/SUGT1/ADCY4/MYO9B/PYCARD/TXN/ITPR2/GNB3/MYO5A/GNG2/ITPR1/ABI2/NCKIPSD/ACTR3/VAV3/WASL/P2RX7/NCKAP1/NOXA1/PLCG2/GNG13/GNG4/ARPC4/ENTPD1/ENTPD5/GNG10/ABL1/NCK1/LYN/FZD7/WIPF1/WAS",92
"R-HSA-9013406","RHOQ GTPase cycle","40/4470","59/11214",0.677966101694915,1.70083039472187,4.39399986340776,1.26753764746754e-05,0.00056902163039016,0.000491508908534356,"CAV1/PAK1/CDC42EP2/IQGAP1/DLC1/TRIP10/CDC42EP1/STOM/JUP/SYDE1/ARHGEF7/CPNE8/PAK4/PLEKHG3/PAK2/GFOD1/GJA1/GOPC/PREX1/VAMP3/RAB7A/ARHGAP1/CDC42/ITSN1/RHOQ/SCRIB/ARHGAP33/GIT1/ARHGAP21/SLC1A5/SNAP23/WASL/SLC4A7/VANGL1/MPP7/DIAPH3/ARHGEF9/ARHGAP32/CDC42BPA/ARHGAP5",40
"R-HSA-9925563","Developmental Lineage of Pancreatic Ductal Cells","34/4470","48/11214",0.708333333333333,1.77701342281879,4.39193819588726,1.32244226136483e-05,0.000578046472664996,0.000499304377351874,"ANXA2/ANXA1/LAMC2/FN1/KRT19/LAMB1/ANXA3/TFPI2/LAMA3/KRT23/LAMB3/SLC4A4/COL5A2/KRT17/CD74/KRT7/SOX9/CA2/FOXA2/COL27A1/LAMA1/LAMC3/PDX1/LAMA2/LAMA5/LAMA4/NKX6-1/AQP1/YAP1/COL1A1/COL5A3/ERICH5/LAMC1/COL1A2",34
"R-HSA-2022090","Assembly of collagen fibrils and other multimeric structures","41/4470","61/11214",0.672131147540984,1.68619210034107,4.37492560449115,1.37054994320464e-05,0.000583713706580234,0.000504199614733584,"COL4A2/LAMC2/COL17A1/ITGB4/LOXL2/COL12A1/DST/COL7A1/ITGA6/LAMA3/BMP1/COL4A1/PLEC/LAMB3/CTSB/COL5A2/COL4A6/COL8A1/COL6A1/PXDN/COL18A1/COL27A1/COL9A3/TLL1/CTSS/CD151/MMP9/COL6A2/COL9A2/MMP7/COL1A1/COL5A3/COL8A2/CTSV/LOX/LOXL1/COL4A3/MMP13/COL1A2/COL4A4/TLL2",41
"R-HSA-8957275","Post-translational protein phosphorylation","65/4470","108/11214",0.601851851851852,1.50988068605518,4.33468453652158,1.450597829902e-05,0.000602360748866808,0.000520306537409588,"LGALS1/PCSK9/PRSS23/FN1/GAS6/FSTL3/LAMB1/IGFBP7/FSTL1/TIMP1/APP/IGFBP4/VCAN/APOE/SERPIND1/MFGE8/EVA1A/MELTF/CALU/PDIA6/FAM20C/MATN3/DNAJC3/C3/IGFBP5/TNC/ALB/CSF1/APOL1/SERPINA1/F5/APLP2/FBN1/NUCB1/GPC3/BMP4/CHRDL1/CKAP4/MBTPS1/APOA5/ADAM10/CHGB/IL6/HSP90B1/P4HB/MIA3/CST3/TGOLN2/AHSG/CDH2/MSLN/GOLM1/MXRA8/CCN1/ANO8/SDC2/FUCA2/MGAT4A/LTBP1/LAMC1/AMTN/HRC/C4A/C4B/SPP1",65
"R-HSA-1660662","Glycosphingolipid metabolism","39/4470","58/11214",0.672413793103448,1.68690118028234,4.26982325709588,2.18564668417604e-05,0.000885453449369853,0.000764836054051845,"B3GNT5/ARSJ/UGT8/UGCG/A4GALT/GLB1L2/GM2A/B3GALNT1/ARSG/ST3GAL2/GLB1L3/M6PR/ARSI/SMPD1/ST6GALNAC5/ARSA/SUMF1/STS/ST6GALNAC6/ST3GAL5/CERK/ARSD/GLB1/B4GALNT1/GBA2/CTSA/SMPD3/NEU4/GALC/FUT1/ARSB/ARSK/ST8SIA5/B4GALT6/PSAP/HEXA/SMPD2/FUT2/ASAH2",39
"R-HSA-2214320","Anchoring fibril formation","14/4470","15/11214",0.933333333333333,2.34147651006711,4.232480553648,2.38146766105821e-05,0.000941813758337544,0.000813518902762491,"COL4A2/LAMC2/COL7A1/LAMA3/BMP1/COL4A1/LAMB3/COL4A6/TLL1/COL1A1/COL4A3/COL1A2/COL4A4/TLL2",14
"R-HSA-9035034","RHOF GTPase cycle","30/4470","42/11214",0.714285714285714,1.79194630872483,4.18611169777963,3.30847783327437e-05,0.00127799573978343,0.00110390582295054,"ACTN1/CAV1/MCAM/BASP1/FARP1/ACTB/SOWAHC/SYDE1/ESYT1/VAMP3/RAB7A/POTEE/ARHGAP1/FAM169A/MYO9B/AKAP12/ARHGAP21/CAPZB/SNAP23/SLC4A7/VANGL1/RHOF/DIAPH2/DIAPH3/ADD3/LMNB1/ARHGAP12/ARHGAP32/PIK3R1/ARHGAP5",30
"R-HSA-9006936","Signaling by TGFB family members","88/4470","158/11214",0.556962025316456,1.39726446351202,4.09416308498913,3.68841234540674e-05,0.00139237566039104,0.00120270479109794,"WWTR1/MMP14/FST/ITGB8/SMAD3/ARRB1/TGFBR2/PARD3/LTBP2/FSTL3/ITGB5/TGFB2/FSTL1/ITGB6/CDKN2B/SERPINE1/TIMP1/INHBB/TGFB1/BAMBI/ARHGEF18/FURIN/FKBP1A/ITGB1/BMPR1B/INHBA/DRAP1/SMURF1/CCNC/SMAD6/TNRC6C/BMP2/JUNB/SMURF2/AMHR2/RHOA/FBN1/SMAD9/MAPK1/UBE2D3/PARD6A/TGFBR3/GIPC1/F11R/ARRB2/CHRDL1/TFDP1/CBL/PARP1/E2F4/TGFBR1/TFDP2/TCF4/MOV10/AGO1/RARA/NEDD8/APH1A/SMAD2/AMH/ITGAV/MMP16/PPP1CA/TGIF1/SMAD4/PSEN2/APH1B/KLF16/TNRC6B/CCNK/CGN/UBC/UBB/LTBP4/CDK8/ZFYVE16/TGFB3/USP9X/LTBP3/PPP1R15A/TCF3/INHA/SKIL/TCF12/LTBP1/COL1A2/PMEPA1/ITGB3",88
"R-HSA-446107","Type I hemidesmosome assembly","11/4470","11/11214",1,2.50872483221477,4.07563332741506,4.00681717459924e-05,0.00147896073933541,0.00127749515999503,"KRT5/LAMC2/COL17A1/ITGB4/DST/ITGA6/LAMA3/PLEC/LAMB3/KRT14/CD151",11
"R-HSA-400685","Sema4D in semaphorin signaling","20/4470","25/11214",0.8,2.00697986577181,4.10346795550067,4.96162078987588e-05,0.00179157655043127,0.00154752611821529,"MET/MYH9/MYL12B/MYH14/MYL12A/RRAS/MYL9/ROCK1/LIMK2/RHOA/PLXNB1/RAC1/RHOB/ARHGEF11/ROCK2/MYL6/RHOC/SEMA4D/MYH11/RND1",20
"R-HSA-216083","Integrin cell surface interactions","52/4470","85/11214",0.611764705882353,1.53474930911962,4.02890953285559,5.50029206763984e-05,0.00194382662220208,0.00167903652591111,"COL4A2/ITGA3/ITGB8/COL16A1/FN1/ITGA2/ITGB5/COL7A1/THBS1/ITGB6/ICAM1/ITGA6/COL4A1/CD44/COL5A2/HSPG2/COL4A6/ITGB1/ITGA5/COL8A1/AGRN/COL6A1/COL18A1/ITGA4/TNC/FBN1/CD47/COL9A3/ITGA1/ICAM3/F11R/BSG/ICAM2/VWF/COL6A2/ITGAV/COL9A2/COL1A1/COL5A3/COL8A2/ITGAL/ITGA11/ITGAD/ITGB7/COL4A3/ICAM5/COL13A1/ICAM4/COL1A2/COL4A4/ITGB3/SPP1",52
"R-HSA-8875878","MET promotes cell motility","29/4470","41/11214",0.707317073170732,1.77446390571288,4.04449313747805,6.00799554829537e-05,0.00207901679285804,0.00179581095007162,"ITGA3/LAMC2/MET/TNS4/FN1/ITGA2/LAMB1/TNS3/LAMA3/LAMB3/COL5A2/RAP1B/ITGB1/SRC/CRKL/COL27A1/LAMA1/LAMC3/GAB1/LAMA2/LAMA5/RAC1/LAMA4/CRK/PTK2/COL1A1/COL5A3/LAMC1/COL1A2",29
"R-HSA-191273","Cholesterol biosynthesis","21/4470","27/11214",0.777777777777778,1.95123042505593,4.02871631769108,6.79751066772705e-05,0.00230421739165197,0.00199033448767174,"SQLE/MSMO1/MVD/FDPS/CYP51A1/TM7SF2/HMGCS1/ACAT2/FDFT1/LSS/PLPP6/HMGCR/PMVK/DHCR7/IDI1/SREBF2/NSDHL/SC5D/ARV1/MVK/EBP",21
"R-HSA-5218859","Regulated Necrosis","39/4470","60/11214",0.65,1.6306711409396,3.98766948897288,7.00789314701335e-05,0.00232802210343783,0.00201089649671141,"GSDME/FAS/GSDMD/IRF1/TP63/IL1A/IL18/CASP1/IL1B/CHMP3/IRF2/CASP4/MLKL/TRADD/ITCH/FLOT2/RIPK3/BAK1/CHMP4A/BIRC3/BAX/SDCBP/RIPK1/PELI1/TP53/TNFRSF10A/FLOT1/TNFRSF10B/CASP3/TNFSF10/BIRC2/CHMP2A/CDC37/CYCS/CHMP4B/UBC/UBB/CHMP4C/PRKN",39
"R-HSA-2173789","TGF-beta receptor signaling activates SMADs","32/4470","47/11214",0.680851063829787,1.70806797086963,3.96014887193276,8.23799011212462e-05,0.00268300030906647,0.00231751919975766,"ITGB8/SMAD3/TGFBR2/LTBP2/ITGB5/TGFB2/ITGB6/TGFB1/BAMBI/FURIN/FKBP1A/ITGB1/SMURF1/SMURF2/FBN1/TGFBR3/CBL/TGFBR1/NEDD8/SMAD2/ITGAV/PPP1CA/SMAD4/UBC/UBB/LTBP4/TGFB3/LTBP3/PPP1R15A/LTBP1/PMEPA1/ITGB3",32
"R-HSA-3928664","Ephrin signaling","16/4470","19/11214",0.842105263157895,2.11261038502296,3.95151607167576,9.51978117414677e-05,0.00299265097400584,0.00258498892713328,"PAK1/EFNB1/EPHB3/EFNB2/MYL12A/FYN/SRC/ARHGEF7/PAK2/EPHB4/SDCBP/RAC1/NCK2/GIT1/EPHB6/EPHB2",16
"R-HSA-9013424","RHOV GTPase cycle","27/4470","38/11214",0.710526315789474,1.78251501236312,3.93366318926527,9.54909702723115e-05,0.00299265097400584,0.00258498892713328,"PAK1/SPTBN1/EPHA2/PAK6/BUB1B-PAK6/DST/TPM4/IQGAP1/PEAK1/CLTC/ARHGEF7/PAK4/SPTAN1/PAK2/RHOV/PARD6A/TPM3/CDC42/NCK2/GIT1/WASL/VANGL1/USP9X/NCK1/ARHGAP12/MYO9A/PIK3R1",27
"R-HSA-2024096","HS-GAG degradation","19/4470","24/11214",0.791666666666667,1.98607382550336,3.93691375035366,0.000100641795616643,0.00309566708368972,0.00267397207457086,"GPC1/SDC1/SDC4/GLB1L2/HSPG2/IDS/AGRN/GUSB/GLB1L3/HPSE/GPC3/GPC6/GLB1/NAGLU/SDC3/SDC2/SGSH/IDUA/GPC2",19
"R-HSA-1650814","Collagen biosynthesis and modifying enzymes","42/4470","67/11214",0.626865671641791,1.57263347691075,3.82728696673659,0.000128462352661103,0.0038795630503653,0.00335108491248005,"COL4A2/COL17A1/COL16A1/SERPINH1/COL12A1/P3H3/COL7A1/BMP1/COL4A1/COL5A2/COL4A6/PLOD3/P4HA2/COL8A1/COL6A1/COL22A1/COL18A1/ADAMTS3/ADAMTS14/COL27A1/COL9A3/COLGALT2/TLL1/PLOD2/CRTAP/P3H2/P4HB/COL6A2/P4HA1/COL26A1/PCOLCE2/COL9A2/COL1A1/COL5A3/COL8A2/COL21A1/COL4A3/COL13A1/P4HA3/COL1A2/COL4A4/TLL2",42
"R-HSA-5357801","Programmed Cell Death","105/4470","199/11214",0.527638190954774,1.32369903207312,3.75086626642781,0.000137367034640716,0.00407440436675408,0.00351938474088901,"SFN/MAPT/GSDME/PKP1/FAS/LMNA/GSDMD/GSN/IRF1/STK24/VIM/TP63/AKT3/PLEC/CTNNB1/IL1A/IL18/DSP/DSG3/CASP1/DFFB/APAF1/NMT1/IL1B/CHMP3/IRF2/YWHAZ/CASP4/MLKL/TRADD/SPTAN1/PAK2/GAS2/CASP6/UNC5A/ITCH/YWHAH/DAPK1/FLOT2/TLR4/ROCK1/SATB1/DSG2/RIPK3/OMA1/TP73/BAK1/BCL2L11/MAPK1/CHMP4A/BIRC3/BAX/PMAIP1/PSMD2/SDCBP/RIPK1/BMX/AVEN/TJP2/TFDP1/YWHAQ/PELI1/TP53/TNFRSF10A/PTK2/FLOT1/TNFRSF10B/TFDP2/YWHAB/BID/CASP3/TICAM1/TNFSF10/YWHAG/BCL2L1/BAD/BIRC2/PPP3R1/ADRM1/E2F1/OCLN/CHMP2A/CDC37/STK26/LY96/PRKCD/CYCS/PSMD14/CHMP4B/UBC/UBB/CHMP4C/H1-2/APIP/DAPK2/BMF/DAPK3/H1-0/DSG1/LMNB1/PRKN/SEPTIN4/CARD8/CD14/CDKN2A",105
"R-HSA-416572","Sema4D induced cell migration and growth-cone collapse","17/4470","21/11214",0.80952380952381,2.03087248322148,3.84943716182392,0.000145594814432148,0.0042426839784526,0.00366474112781197,"MYH9/MYL12B/MYH14/MYL12A/MYL9/ROCK1/LIMK2/RHOA/PLXNB1/RHOB/ARHGEF11/ROCK2/MYL6/RHOC/SEMA4D/MYH11/RND1",17
"R-HSA-194138","Signaling by VEGF","62/4470","108/11214",0.574074074074074,1.44019388516033,3.742251234967,0.00016005411651796,0.00458361875062641,0.00395923340860217,"CAV1/PAK1/PRKACB/PGF/NRP2/MAPK13/PXN/ACTB/ACTG1/SPHK1/AKT3/VEGFC/CTNNB1/JUP/CYBA/FYN/SRC/VEGFB/PAK2/WASF3/MLST8/ITPR3/BCAR1/AXL/CALM2/ROCK1/RHOA/NRP1/CYFIP2/THEM4/NCF2/FLT4/MAPK14/ABI1/VAV2/CDC42/RAC1/SHB/NCK2/CRK/PTK2/ITGAV/ITPR2/PIK3CB/MAPK11/RASA1/ITPR1/ABI2/ROCK2/VAV3/VEGFA/NCKAP1/PRKCD/PIK3CA/MAPKAPK3/TRIB3/NCK1/SH2D2A/RICTOR/PIK3R1/ITGB3/NOS3",62
"R-HSA-111465","Apoptotic cleavage of cellular proteins","26/4470","37/11214",0.702702702702703,1.7628877199347,3.78403158350727,0.000172658488858195,0.004860775423618,0.00419863550961142,"MAPT/PKP1/LMNA/GSN/STK24/VIM/PLEC/CTNNB1/DSP/DSG3/SPTAN1/GAS2/CASP6/ROCK1/SATB1/DSG2/BMX/TJP2/PTK2/CASP3/BIRC2/OCLN/STK26/PRKCD/DSG1/LMNB1",26
"R-HSA-877300","Interferon gamma signaling","56/4470","96/11214",0.583333333333333,1.46342281879195,3.71240704369672,0.000183590700946339,0.00497240961781555,0.00429506277707316,"TRIM29/JAK1/TRIM22/PTAFR/MT2A/HLA-A/PML/IRF1/SP100/HLA-E/ICAM1/GBP3/TRIM6/HLA-C/CD44/GBP6/IRF2/PTPN1/HLA-F/IRF6/SOCS3/OAS3/OAS2/IFNGR2/HLA-G/MAPK1/HLA-B/GBP4/GBP1/MID1/TRIM45/TRIM8/HLA-DPB1/TRIM38/IFNGR1/TRIM34/B2M/PTPN2/TRIM21/TRIM68/PRKCD/IFI30/IRF3/TRIM3/TRIM31/TRIM35/SOCS1/OAS1/IRF9/TRIM5/HLA-DRB1/HLA-DQB1/TRIM25/TRIM17/OASL/TRIM46",56
"R-HSA-170834","Signaling by TGF-beta Receptor Complex","55/4470","94/11214",0.585106382978723,1.46787091246609,3.70845890654565,0.000187165730727194,0.00497240961781555,0.00429506277707316,"WWTR1/ITGB8/SMAD3/TGFBR2/PARD3/LTBP2/ITGB5/TGFB2/ITGB6/CDKN2B/SERPINE1/TGFB1/BAMBI/ARHGEF18/FURIN/FKBP1A/ITGB1/SMURF1/CCNC/JUNB/SMURF2/RHOA/FBN1/MAPK1/UBE2D3/PARD6A/TGFBR3/F11R/TFDP1/CBL/PARP1/E2F4/TGFBR1/TFDP2/NEDD8/SMAD2/ITGAV/PPP1CA/TGIF1/SMAD4/CCNK/CGN/UBC/UBB/LTBP4/CDK8/TGFB3/USP9X/LTBP3/PPP1R15A/SKIL/LTBP1/COL1A2/PMEPA1/ITGB3",55
"R-HSA-9013423","RAC3 GTPase cycle","55/4470","94/11214",0.585106382978723,1.46787091246609,3.70845890654565,0.000187165730727194,0.00497240961781555,0.00429506277707316,"CAV1/AMIGO2/PAK1/MCAM/EPHA2/ARAP3/ARHGAP6/NHS/CDC42EP1/SWAP70/JAG1/ITGB1/IL32/CYBA/SYDE1/PAK4/ARAP2/PAK2/ESYT1/BCR/DOCK10/TIAM1/DSG2/PREX1/ARHGDIB/NCF2/VAMP3/RAB7A/ABL2/ARHGAP1/ABI1/VAV2/YKT6/CDC42/LMAN1/TRIO/GIT1/ARHGAP21/SLC1A5/ABI2/VRK2/OCRL/SNAP23/NCKAP1/NOXA1/VANGL1/MPP7/FERMT2/RAC3/DIAPH3/MCF2/SLITRK3/ARHGAP32/PIK3R1/ARHGAP5",55
"R-HSA-6798695","Neutrophil degranulation","229/4470","479/11214",0.478079331941545,1.1993694918104,3.63062443314993,0.000188598317834064,0.00497240961781555,0.00429506277707316,"ANXA2/SIRPA/CTSC/PLAUR/ADAM8/LAMP1/LGALS3/CD59/PTAFR/PYGL/STING1/STK10/TRPM2/COTL1/PKP1/GSTP1/GSDMD/GLIPR1/CAP1/MVP/CNN2/GSN/GRN/S100A11/SLC27A2/NPC2/IQGAP1/RAB31/DDOST/ACTR2/CEACAM1/PKM/CAPN1/CAB39/HLA-C/LTA4H/CD44/CDA/STOM/CTSB/S100A9/GM2A/RAP1B/CYB5R3/SLC15A4/JUP/PLEKHO2/ATP8A1/CYBA/ACP3/DSP/RAB3A/PLD1/CMTM6/SVIP/ANPEP/CTSH/PTPRN2/APAF1/TMT1A/PRSS3/TSPAN14/PLAU/RHOG/TMEM30A/TXNDC5/SPTAN1/GUSB/AGPAT2/DNAJC3/CTSZ/C3/FOLR3/MME/QPCT/S100A8/LCN2/SERPINA1/CEACAM6/ROCK1/TCIRG1/TBC1D10C/RHOA/SLC2A3/HPSE/IDH1/ABCA13/CXCL1/TCN1/CD47/RAB24/PGM1/DERA/MAPK1/TTR/RAB7A/ARSA/DNAJC5/SERPINB1/PSMD2/SDCBP/GPI/SERPINB3/FABP5/ANO6/DEGS1/IQGAP2/RAP2B/MGAM/CRISP3/TMBIM1/CKAP4/VAT1/HLA-B/SIRPB1/CD68/SLC2A5/MAPK14/HRNR/CTSS/KCNAB2/CD63/RAC1/FTL/ARG1/ADAM10/STK11IP/VCL/UNC13D/ADA2/TLR2/CTSD/NFKB1/SNAP29/DYNLT1/VAMP8/LAMTOR3/B2M/PYCARD/B4GALT1/MMP9/CST3/PTGES2/TMEM179B/CD58/COPB1/RAP2C/AHSG/GLB1/ITGAV/PGAM1/FTH1/VAPA/DPP7/ATP8B4/CRACR2A/RAB6A/PAFAH1B2/CYSTM1/ATG7/HVCN1/PTX3/MLEC/YPEL5/CTSA/LRG1/SCAMP1/SNAP23/PRKCD/GCA/APEH/ALDOA/FUCA1/PSMD14/RHOF/LTF/DOCK2/IRAG2/CD33/NFASC/PRDX6/SIGLEC9/ITGAL/SERPINA3/PYGB/HP/TOM1/ALAD/RAB4B/ADGRG3/ARHGAP45/FUCA2/NHLRC3/CXCR2/KCMF1/FLG2/DOK3/BST1/RAB27A/RNASET2/ARSB/NDUFC2/DSG1/SYNGR1/A1BG/ATP6V0C/RAB9B/RAB37/VNN1/PNP/CD177/PTPRB/MOSPD2/PSAP/ATP6V1D/DNASE1L1/PLAC8/CAT/AMPD3/C1orf35/BST2/DSC1/CD14/HMOX2/SLPI/DSN1/CAMP/ENPP4/ADGRE5",229
"R-HSA-8874081","MET activates PTK2 signaling","22/4470","30/11214",0.733333333333333,1.83973154362416,3.74937092523398,0.000205623209136101,0.00533656484961037,0.00460961240217937,"ITGA3/LAMC2/MET/FN1/ITGA2/LAMB1/LAMA3/LAMB3/COL5A2/ITGB1/SRC/COL27A1/LAMA1/LAMC3/LAMA2/LAMA5/LAMA4/PTK2/COL1A1/COL5A3/LAMC1/COL1A2",22
"R-HSA-9013106","RHOC GTPase cycle","45/4470","74/11214",0.608108108108108,1.52557591148195,3.69287500813059,0.000209005060803666,0.00534088316915214,0.00461334247571492,"CAV1/CAVIN1/ARHGEF28/MCAM/STK10/PKN1/IQGAP1/DLC1/ARHGEF1/MCF2L/RTKN/STOM/FMNL2/JUP/ARHGAP18/SLK/FLOT2/BCR/ROCK1/RHOA/PREX1/VAMP3/ARHGEF17/ARHGAP1/TJP2/VAV2/LMAN1/FLOT1/MYO9B/ARHGAP21/ARHGEF11/ARHGDIA/ARHGEF40/ROCK2/ARHGEF10/ARHGEF5/RHOC/VANGL1/STARD13/DIAPH3/ANLN/MCF2/ARHGAP32/PIK3R1/ARHGAP5",45
"R-HSA-9734767","Developmental Cell Lineages","67/4470","120/11214",0.558333333333333,1.40070469798658,3.59274892700563,0.000272705391340246,0.00686308568206287,0.00592818896964523,"ANXA2/KRT5/ANXA1/LAMC2/ITGB4/FN1/KRT19/DMKN/LAMB1/GJB3/DLL1/TP63/ANXA3/KLK5/TFPI2/ITGA6/IVL/LAMA3/KRT23/LAMB3/EGF/SLC4A4/COL5A2/KRT17/CD74/ITGB1/KRT15/KRT7/KRT14/PRSS3/SOX9/CA2/FOXA2/COL27A1/LAMA1/LAMC3/FABP5/PDX1/KLK7/SPINK5/LAMA2/LAMA5/ABCG2/LGALS7/LGALS7B/CSPG4/LAMA4/NKX6-1/BHLHA15/FLG/AQP1/PNLIP/YAP1/NUMB/COL1A1/PRSS1/COL5A3/ERICH5/GNMT/CTRL/GP2/PDIA2/SPRR2A/CPA2/LAMC1/COL1A2/CASP14",67
"R-HSA-177929","Signaling by EGFR","34/4470","53/11214",0.641509433962264,1.60937064708117,3.62012697299181,0.000294635008672931,0.00724650403493128,0.00625937767331749,"TGFA/FAM83A/PTPRK/PXN/AREG/SPRY2/EGF/EGFR/PTPN12/SHC1/ADAM17/FAM83B/SRC/ARHGEF7/EPGN/HBEGF/EREG/SH3KBP1/GAB1/CDC42/ADAM10/CBL/HGS/EPS15L1/PTPN3/PIK3CA/SH3GL2/SOS1/BTC/UBC/PAG1/UBB/SPRY1/PIK3R1",34
"R-HSA-5627117","RHO GTPases Activate ROCKs","16/4470","20/11214",0.8,2.00697986577181,3.66943353315039,0.000298933473756447,0.00724650403493128,0.00625937767331749,"PAK1/MYH9/MYL12B/MYH14/MYL12A/MYL9/ROCK1/LIMK2/RHOA/RHOB/ROCK2/MYL6/RHOC/CFL1/PPP1R12B/MYH11",16
"R-HSA-9013409","RHOJ GTPase cycle","35/4470","55/11214",0.636363636363636,1.59646125686394,3.60999696776552,0.000303159824540255,0.00724650403493128,0.00625937767331749,"CAV1/PAK1/CDC42EP1/STOM/JUP/SYDE1/ARHGEF7/CPNE8/PAK4/PAK2/GJA1/FNBP1L/PREX1/VAMP3/RAB7A/ARHGAP1/CDC42/TRIO/SCRIB/GIT1/ARHGAP21/SLC1A5/OCRL/SNAP23/WASL/SLC4A7/VANGL1/MPP7/DIAPH3/NIPSNAP2/ARHGAP32/PIK3R1/CDC42BPA/ARHGAP5/WAS",35
"R-HSA-9926550","Regulation of MITF-M-dependent genes involved in extracellular matrix, focal adhesion and epithelial-to-mesenchymal transition","11/4470","12/11214",0.916666666666667,2.2996644295302,3.66716088445836,0.000305391500569049,0.00724650403493128,0.00625937767331749,"ITGA2/PXN/SERPINE1/PXDN/SOX2/STT3B/EDIL3/ZEB1/CDH2/GXYLT2/MITF",11
"R-HSA-6806834","Signaling by MET","47/4470","79/11214",0.59493670886076,1.49253249511511,3.57650812008576,0.000315690158374567,0.00735802261898521,0.00635570507917034,"ITGA3/LAMC2/MET/TNS4/FN1/ITGA2/LAMB1/TNS3/LAMA3/LAMB3/COL5A2/RAP1B/ITGB1/SHC1/PTPN1/SRC/CRKL/COL27A1/SH3KBP1/LAMA1/LAMC3/GAB1/HPN/SPINT2/LAMA2/LAMA5/RAC1/LAMA4/CBL/CRK/PTK2/HGS/PTPN2/RAB4A/COL1A1/ARF6/COL5A3/PIK3CA/SH3GL2/SOS1/UBC/UBB/SPINT1/RAB4B/LAMC1/PIK3R1/COL1A2",47
"R-HSA-9009391","Extra-nuclear estrogen signaling","46/4470","77/11214",0.597402597402597,1.4987187309335,3.57497347954742,0.000319227005249781,0.00735802261898521,0.00635570507917034,"CAV1/CAV2/TGFA/GNAI2/PIK3R3/AREG/MMP2/SPHK1/AKT3/EGF/EGFR/SHC1/GNG12/GNG11/SRC/EPGN/HBEGF/EREG/GNAI3/CALM2/MAPK1/GNB5/GNG7/CDKN1B/S1PR3/GNG5/GNAI1/PTK2/MMP9/GNB3/GNG2/SRF/UHMK1/MMP7/ESR1/PIK3CA/GNG13/GNG4/BTC/ZDHHC21/GNG10/STRN/IGF1R/ZDHHC7/PIK3R1/NOS3",46
"R-HSA-3000170","Syndecan interactions","20/4470","27/11214",0.740740740740741,1.85831469052946,3.63519322802009,0.00032338088572301,0.00735802261898521,0.00635570507917034,"ACTN1/ITGB4/FN1/SDC1/SDC4/ITGA2/ITGB5/THBS1/ITGA6/TGFB1/COL5A2/ITGB1/TNC/ITGAV/COL1A1/SDC3/COL5A3/SDC2/COL1A2/ITGB3",20
"R-HSA-9725554","Differentiation of Keratinocytes in Interfollicular Epidermis in Mammalian Skin","27/4470","40/11214",0.675,1.69338926174497,3.57650359239802,0.000368266478668639,0.00826608947390012,0.00714007411700362,"KRT5/ITGB4/KRT19/DMKN/GJB3/DLL1/TP63/KLK5/ITGA6/IVL/EGF/ITGB1/KRT15/KRT14/PRSS3/FABP5/KLK7/SPINK5/ABCG2/LGALS7/LGALS7B/CSPG4/FLG/YAP1/NUMB/SPRR2A/CASP14",27
"R-HSA-983170","Antigen Presentation: Folding, assembly and peptide loading of class I MHC","21/4470","29/11214",0.724137931034483,1.81666280953483,3.58492170456877,0.000383730485582704,0.00849835115403829,0.00734069686805931,"ERAP2/HLA-A/HLA-E/TAP2/HLA-C/SEC24D/HLA-F/CANX/TAP1/PIK3C3/HLA-G/SEC24B/SAR1B/TAPBP/HLA-B/ERAP1/B2M/HSPA5/PDIA3/SEC24A/SEC13",21
"R-HSA-2426168","Activation of gene expression by SREBF (SREBP)","28/4470","42/11214",0.666666666666667,1.67248322147651,3.55464739082643,0.000394055633170886,0.00861218956180054,0.00743902808880771,"SQLE/SCD/MVD/FDPS/CYP51A1/NCOA1/ACACB/TBL1X/TM7SF2/HMGCS1/FDFT1/LSS/CARM1/HMGCR/PMVK/DHCR7/IDI1/SREBF2/NFYC/CHD9/SC5D/NCOA2/SMARCD3/MVK/PPARA/GPAM/ELOVL6/HELZ2",28
"R-HSA-8978868","Fatty acid metabolism","92/4470","175/11214",0.525714285714286,1.31887248322148,3.46120317448823,0.000407569157593662,0.008791848970949,0.00759421410526537,"ACSL4/ABCD1/ACADL/ACSL1/ACOT7/EPHX2/FAAH/SLC27A2/PTGS1/SCD/HACD4/ACSF2/PCCB/ACOT2/HSD17B12/HACD1/ACSM3/LTA4H/GGT1/ACACB/ACADS/THRSP/PLA2G4A/SLC27A1/ACBD7/CYP4F8/THEM4/GPX1/ACOT1/SCD5/ECI1/ALOX15B/PTGES/PRKAG2/CYP2C19/HSD17B4/NUDT19/CYP2J2/MCEE/ACOT9/ACOT4/PTGS2/PHYH/PPT2/NDUFAB1/ECI2/ECHS1/CPT1A/ACADM/PTGES2/ELOVL4/DECR2/ALOX15/ALOX5AP/DBI/HAO2/HPGD/CPT2/ELOVL5/HSD17B3/TBXAS1/GPX2/ACSBG1/CBR1/PTGR2/DECR1/CYP1B1/ACSL6/MLYCD/ACSL3/PPARD/CYP2C9/FAAH2/ACAD11/ELOVL2/AMACR/ACOXL/PCTP/PRKAB2/SLC22A5/ACAD10/ACOX2/ELOVL7/CROT/FADS2/HPGDS/ACAA2/SLC25A20/PON3/ELOVL6/ACBD4/CPT1B",92
"R-HSA-180292","GAB1 signalosome","14/4470","17/11214",0.823529411764706,2.06600868535334,3.58088403261296,0.000428657182821088,0.0090094796183803,0.00778219887819788,"TGFA/PXN/AREG/EGF/EGFR/SRC/EPGN/HBEGF/EREG/GAB1/PIK3CA/BTC/PAG1/PIK3R1",14
"R-HSA-9856532","Mechanical load activates signaling by PIEZO1 and integrins in osteocytes","14/4470","17/11214",0.823529411764706,2.06600868535334,3.58088403261296,0.000428657182821088,0.0090094796183803,0.00778219887819788,"HSPG2/ITGB1/ITGA5/PANX1/GJA1/CACNB1/CACNA1H/CACNB2/CACNA2D1/ITGAV/P2RX7/PIEZO1/ITGB3/SPP1",14
"R-HSA-9013404","RAC2 GTPase cycle","51/4470","88/11214",0.579545454545455,1.45392007321538,3.48022312631803,0.000435028473022339,0.0090094796183803,0.00778219887819788,"CAV1/PAK1/MCAM/RAC2/EPHA2/DOCK3/NHS/PIK3R3/IQGAP1/CDC42EP1/SWAP70/ITGB1/CYBA/SYDE1/PAK4/PAK2/ESYT1/BCR/DOCK10/TIAM1/DSG2/PREX1/NCF2/VAMP3/RAB7A/ARHGAP1/ABI1/VAV2/CDC42/LMAN1/ANKLE2/DEF6/DOCK4/TRIO/MTX1/GIT1/ARHGAP21/ARHGDIA/ABI2/VRK2/VAV3/NCKAP1/VANGL1/PIK3CA/MPP7/DOCK2/PLD2/DIAPH3/MCF2/ARHGAP32/PIK3R1",51
"R-HSA-182971","EGFR downregulation","22/4470","31/11214",0.709677419354839,1.78038536479758,3.54214791236593,0.000441793712507266,0.0090094796183803,0.00778219887819788,"TGFA/PTPRK/AREG/SPRY2/EGF/EGFR/PTPN12/ARHGEF7/EPGN/HBEGF/EREG/SH3KBP1/CDC42/CBL/HGS/EPS15L1/PTPN3/SH3GL2/BTC/UBC/UBB/SPRY1",22
"R-HSA-2029480","Fcgamma receptor (FCGR) dependent phagocytosis","50/4470","86/11214",0.581395348837209,1.45856094896207,3.47531061145416,0.000444778644616005,0.0090094796183803,0.00778219887819788,"SYK/PAK1/MYH9/ARPC2/ACTB/ACTG1/ACTR2/ARPC1B/PLD1/MYO10/FYN/SRC/WASF3/ITPR3/CYFIP2/MAPK1/PLA2G6/PLPP5/ABI1/VAV2/YES1/CDC42/RAC1/ARPC3/CRK/PTK2/MYO9B/ITPR2/MYO5A/PIK3CB/ITPR1/ABI2/NCKIPSD/ACTR3/VAV3/WASL/NCKAP1/PRKCD/PLCG2/PIK3CA/PRKCE/CFL1/ARPC4/PLD2/ABL1/NCK1/LYN/WIPF1/PIK3R1/WAS",50
"R-HSA-1442490","Collagen degradation","39/4470","64/11214",0.609375,1.52875419463087,3.4535223488351,0.00051199325974822,0.0102460337884554,0.0088503083454258,"COL4A2/COL17A1/MMP14/COL16A1/COL12A1/COL7A1/MMP2/COL4A1/FURIN/CTSB/COL5A2/COL4A6/COL8A1/MMP1/ADAM17/MMP11/COL6A1/MMP15/COL18A1/COL9A3/MMP10/ADAM9/ADAM10/MMP19/CTSD/MMP9/COL6A2/COL26A1/COL9A2/MMP7/COL1A1/COL5A3/COL8A2/PHYKPL/COL4A3/COL13A1/MMP13/COL1A2/COL4A4",39
"R-HSA-4420097","VEGFA-VEGFR2 Pathway","56/4470","99/11214",0.565656565656566,1.41907667276795,3.40966917056931,0.000543406164849411,0.0107452099977961,0.00928148624924495,"CAV1/PAK1/PRKACB/MAPK13/PXN/ACTB/ACTG1/SPHK1/AKT3/CTNNB1/JUP/CYBA/FYN/SRC/PAK2/WASF3/MLST8/ITPR3/BCAR1/AXL/CALM2/ROCK1/RHOA/CYFIP2/THEM4/NCF2/MAPK14/ABI1/VAV2/CDC42/RAC1/SHB/NCK2/CRK/PTK2/ITGAV/ITPR2/PIK3CB/MAPK11/RASA1/ITPR1/ABI2/ROCK2/VAV3/VEGFA/NCKAP1/PRKCD/PIK3CA/MAPKAPK3/TRIB3/NCK1/SH2D2A/RICTOR/PIK3R1/ITGB3/NOS3",56
"R-HSA-3656237","Defective EXT2 causes exostoses 2","12/4470","14/11214",0.857142857142857,2.1503355704698,3.50619000608209,0.000581994961505153,0.0109851548984098,0.00948874560444406,"GPC1/SDC1/EXT1/SDC4/EXT2/HSPG2/AGRN/GPC3/GPC6/SDC3/SDC2/GPC2",12
"R-HSA-3656253","Defective EXT1 causes exostoses 1, TRPS2 and CHDS","12/4470","14/11214",0.857142857142857,2.1503355704698,3.50619000608209,0.000581994961505153,0.0109851548984098,0.00948874560444406,"GPC1/SDC1/EXT1/SDC4/EXT2/HSPG2/AGRN/GPC3/GPC6/SDC3/SDC2/GPC2",12
"R-HSA-399955","SEMA3A-Plexin repulsion signaling by inhibiting Integrin adhesion","12/4470","14/11214",0.857142857142857,2.1503355704698,3.50619000608209,0.000581994961505153,0.0109851548984098,0.00948874560444406,"PLXNA2/SEMA3A/TLN1/FYN/PLXNA1/RRAS/NRP1/RAC1/FARP2/PLXNA3/FES/RND1",12
"R-HSA-428540","Activation of RAC1","12/4470","14/11214",0.857142857142857,2.1503355704698,3.50619000608209,0.000581994961505153,0.0109851548984098,0.00948874560444406,"PAK1/PAK6/BUB1B-PAK6/SLIT2/PAK4/ROBO1/PAK2/RAC1/NCK2/SOS1/NCK1/SOS2",12
"R-HSA-71387","Metabolism of carbohydrates and carbohydrate derivatives","143/4470","290/11214",0.493103448275862,1.23706086554038,3.32984417696806,0.000595937663402101,0.0110083972587131,0.00950882186610854,"GPC1/PRKACB/HAS3/PYGL/SDC1/EXT1/SDC4/SORD/AKR1B1/ST3GAL1/UGP2/CHST15/SLC2A1/EXT2/DSE/GLB1L2/PKM/SLC37A2/SLC26A1/B3GNT2/CSPG5/PAPSS2/B3GALT6/ENO3/CD44/HSPG2/SLC37A4/VCAN/IDS/DCXR/CHST3/TKFC/CHST11/XYLT1/AGRN/XYLT2/B3GNT3/HS3ST2/PGM2L1/GUSB/UXS1/ST3GAL2/GLB1L3/HAS2/GAPDH/PPP1R3C/SLC35B3/XYLB/PPP2CB/HS3ST1/AKR1A1/ST3GAL6/CALM2/DSEL/CHPF/HPSE/HS6ST2/FUT3/PGM1/DERA/HKDC1/PFKM/GPC3/PFKP/GPI/ALDH1A1/GYG2/HYAL3/NUP210/FMOD/CSPG4/BPGM/TKT/SLC35B2/CHPF2/ST6GALNAC6/G6PD/CHST9/CHST7/AKR1E2/PRPS1/CHST6/B3GALT5/B3GNT7/GLYCTK/GPC6/RANBP2/UST/B4GALT3/B4GALT1/GALT/GLB1/CHSY1/PGAM1/GALM/EPM2A/NUP37/GALK1/GBE1/NAGLU/SDC3/CSGALNACT1/ALDOA/NUP50/GYS1/SEC13/SDC2/CHST2/GLCE/PRPS2/UBC/SLC9A1/UBB/PFKFB2/PYGB/NUP153/PFKFB3/ST3GAL4/PGLS/PHKG2/KHK/B4GALNT2/FUT1/CEMIP/ARSB/HMMR/B4GAT1/NUP88/B4GALT6/HEXA/SGSH/B3GAT1/CSGALNACT2/IDUA/PC/FUT2/SLC35D2/HS3ST4/ENO2/PYGM/FBP2/FUT6/GPC2",143
"R-HSA-9840309","Glycosphingolipid biosynthesis","15/4470","19/11214",0.789473684210526,1.98057223595902,3.48257305701057,0.00060716655164218,0.0110083972587131,0.00950882186610854,"B3GNT5/UGT8/UGCG/A4GALT/B3GALNT1/ST3GAL2/ST6GALNAC5/ST6GALNAC6/ST3GAL5/CERK/B4GALNT1/FUT1/ST8SIA5/B4GALT6/FUT2",15
"R-HSA-9660826","Purinergic signaling in leishmaniasis infection","19/4470","26/11214",0.730769230769231,1.83329891584925,3.46311691629987,0.00060973663323396,0.0110083972587131,0.00950882186610854,"NT5E/GSDMD/APP/IL1A/IL18/CASP1/IL1B/C3/NFKB2/NLRP3/P2RX4/NFKB1/PSTPIP1/SUGT1/PYCARD/TXN/P2RX7/ENTPD1/ENTPD5",19
"R-HSA-9664424","Cell recruitment (pro-inflammatory response)","19/4470","26/11214",0.730769230769231,1.83329891584925,3.46311691629987,0.00060973663323396,0.0110083972587131,0.00950882186610854,"NT5E/GSDMD/APP/IL1A/IL18/CASP1/IL1B/C3/NFKB2/NLRP3/P2RX4/NFKB1/PSTPIP1/SUGT1/PYCARD/TXN/P2RX7/ENTPD1/ENTPD5",19
"R-HSA-196849","Metabolism of water-soluble vitamins and cofactors","68/4470","125/11214",0.544,1.36474630872483,3.33853252852454,0.000663355027644613,0.011847663450728,0.0102337623393278,"NT5E/GSTO2/NUDT8/ENPP1/PARP6/SLC2A1/PCCB/PARP10/GSTO1/ACP5/MCCC1/QPRT/NADK2/CYB5R3/AOX1/SLC23A2/ACACB/PRSS3/MTHFD1L/SLC19A2/NADK/SLC2A3/TCN1/MCCC2/PARP14/ALDH1L1/ALDH1L2/MMACHC/SLC25A42/THTPA/SLC25A32/ENPP3/CYB5A/MOCS1/NAXE/NAXD/DHFR/PPCS/NFS1/SLC23A1/NAMPT/PRSS1/PARP16/CD320/PANK1/SLC25A16/MOCOS/TPK1/RFK/CTRB2/BST1/PANK4/TCN2/NMNAT2/SLC25A19/PNPO/MTHFR/PARP8/VNN1/MTRR/SLC46A1/RNLS/BTD/PC/LMBRD1/CTRB1/SLC19A1/MTHFS",68
"R-HSA-5620971","Pyroptosis","20/4470","28/11214",0.714285714285714,1.79194630872483,3.41580632916726,0.00070790505069824,0.0124156281106553,0.0107243582590216,"GSDME/GSDMD/IRF1/TP63/IL1A/IL18/CASP1/IL1B/CHMP3/IRF2/CASP4/BAK1/CHMP4A/BAX/TP53/CASP3/CHMP2A/CYCS/CHMP4B/CHMP4C",20
"R-HSA-9855142","Cellular responses to mechanical stimuli","58/4470","104/11214",0.557692307692308,1.39909654104285,3.328844402834,0.000710105159850846,0.0124156281106553,0.0107243582590216,"ANXA2/MMP14/FN1/PRKACB/P2RY2/ADM/CAPN2/GNAQ/CTNNB1/HSPG2/ITGB1/ITGA5/GNG12/GNG11/PRKAR2B/ADCY3/TLN1/PTPN1/FYN/PANX1/ADCY1/MLST8/GJA1/CACNB1/CALM2/CACNA1H/CAPNS2/ADCY7/GNB5/TRPV4/FLT4/GNG7/GNG5/VCL/PRKAR1A/NFKB1/PTK2/CACNB2/CHUK/CACNA2D1/ADCY4/ITGAV/GNB3/GNG2/PIK3CB/YAP1/P2RX7/PIK3CA/GNG13/GNG4/GNG10/ABL1/PIEZO1/CALCRL/RICTOR/ITGB3/NOS3/SPP1",58
"R-HSA-5668914","Diseases of metabolism","130/4470","262/11214",0.49618320610687,1.24478713048824,3.26398685663969,0.000757134801297962,0.0131000094266241,0.0113155124360649,"GPC1/SDC1/EXT1/SDC4/GALNT3/SLC35D1/CYP27B1/THSD4/SRD5A3/THBS2/THSD1/EXT2/GNE/THBS1/PCCB/MCCC1/MOGS/CSPG5/DBT/PAPSS2/B3GALT6/ABCA3/HSPG2/SLC37A4/VCAN/IDS/DCXR/ADAMTS6/CHST3/SFTPA2/GGT1/AGRN/C1GALT1/SEMA5A/NOTCH1/GUSB/ADAMTS3/CYP24A1/ADAMTS14/PPP1R3C/ACAT1/IDH1/GCLC/MAOA/MUC1/PGM1/MCCC2/GPC3/ADAMTS17/GCLM/MPDU1/GYG2/DLD/IVD/PPM1K/MMACHC/MPI/CYP7B1/CYP27A1/FMOD/DHDDS/CSPG4/ECHS1/ADAMTSL3/CHST6/UGT1A4/GPC6/B4GALT1/GALT/MAT1A/ADA/GLB1/CHSY1/PMM2/GALM/EPM2A/CYP26B1/ADAMTSL5/ALG8/NOTCH2/POMT1/AUH/TBXAS1/GALK1/CTSA/MGAT2/GBE1/NAGLU/SDC3/CYP1B1/MUC4/GYS1/GALNT12/CD320/SDC2/TPMT/HPRT1/UBC/UBB/CYP11A1/MUC19/LFNG/UGT1A1/ADAMTS1/KHK/ARSB/ADAMTSL1/TCN2/ALG11/B4GAT1/ADAMTSL4/SFTPA1/MTRR/ACY1/PNP/ADAMTS13/NOTCH4/HEXA/SGSH/IDUA/BTD/PC/LMBRD1/CYP2R1/SPON2/SI/MUC12/ADAMTS20/MUC5AC/GPC2",130
"R-HSA-109606","Intrinsic Pathway for Apoptosis","34/4470","55/11214",0.618181818181818,1.5508480780964,3.33392968737462,0.000799171058658359,0.0136847745199127,0.0118206202165094,"SFN/GSDME/GSDMD/TP63/AKT3/APAF1/NMT1/YWHAZ/YWHAH/TP73/BAK1/BCL2L11/MAPK1/BAX/PMAIP1/AVEN/TFDP1/YWHAQ/TP53/TFDP2/YWHAB/BID/CASP3/YWHAG/BCL2L1/BAD/PPP3R1/E2F1/CYCS/APIP/BMF/SEPTIN4/CARD8/CDKN2A",34
"R-HSA-8957322","Metabolism of steroids","81/4470","154/11214",0.525974025974026,1.31952410006101,3.25044116239105,0.000860785792825794,0.0145894408355474,0.0126020519400812,"SQLE/CYP27B1/OSBPL3/AKR1B1/SRD5A3/ABCC3/SLC27A2/SCD/MSMO1/HSD17B12/MVD/OSBPL9/FDPS/SEC24D/OSBPL7/TSPOAP1/CYP51A1/NCOA1/ACACB/TBL1X/TM7SF2/HMGCS1/SLC27A5/HSD11B2/VDR/HSD3B7/CYP24A1/ACAT2/ALB/STARD4/FDFT1/OSBPL1A/TSPO/SEC24B/LSS/SAR1B/CARM1/HSD17B4/MBTPS1/CYP7B1/CYP27A1/PLPP6/HMGCR/PMVK/CYP7A1/STS/STARD5/AKR1C1/DHCR7/IDI1/SREBF2/GC/HSD17B1/NSDHL/HSD17B3/CYP46A1/AKR1D1/NFYC/SEC24A/CHD9/SC5D/NCOA2/OSBPL6/ARV1/CYP11A1/STAR/HSD17B2/HSD11B1/AMACR/AKR1C2/SMARCD3/MVK/PPARA/EBP/ACOX2/CYP39A1/CYP2R1/GPAM/ELOVL6/HELZ2/ABCB11",81
"R-HSA-2173791","TGF-beta receptor signaling in EMT (epithelial to mesenchymal transition)","13/4470","16/11214",0.8125,2.0383389261745,3.3836449610065,0.000895557807243146,0.0150254698770794,0.0129786846493611,"TGFBR2/PARD3/TGFB1/ARHGEF18/FKBP1A/SMURF1/RHOA/PARD6A/F11R/TGFBR1/CGN/UBC/UBB",13
"R-HSA-6794362","Protein-protein interactions at synapses","49/4470","86/11214",0.569767441860465,1.42938972998283,3.25422975601482,0.000947518340745857,0.015700834119924,0.0135620500684156,"HOMER3/NLGN4X/SLITRK6/DLG3/PPFIA3/RTN3/PPFIBP2/EPB41/PPFIA2/EPB41L1/NLGN1/PPFIBP1/DLG1/EPB41L2/IL1RAP/FLOT2/SYT12/DLG2/SYT1/LRFN2/LRFN1/PTPRS/NLGN4Y/SYT7/GRIN1/PDLIM5/FLOT1/NRXN3/STX1A/HOMER2/NRXN1/BEGAIN/LRRTM4/GRIN2C/LIN7A/STXBP1/EPB41L5/APBA2/PTPRD/SIPA1L1/IL1RAPL1/DLG4/EPB41L3/LIN7B/LRFN4/SLITRK3/NLGN3/GRIA1/GRIN2D",49
"R-HSA-449147","Signaling by Interleukins","216/4470","460/11214",0.469565217391304,1.17800992121389,3.17390555604941,0.000954716584053172,0.015700834119924,0.0135620500684156,"ANXA2/ANXA1/STAT6/SYK/FSCN1/SMAD3/IL4R/FN1/JAK1/PTAFR/MSN/SDC1/IKBIP/GSDMD/PIK3R3/IRS1/CNN2/LIF/IRS2/DUSP4/VIM/LIFR/ICAM1/MMP2/DUSP7/RHOU/GSTO1/PTPN14/TIMP1/APP/IL17RE/TGFB1/CLCF1/OSMR/IL1A/IL18/RAP1B/INPP5D/IL17RB/ITGB1/IL32/SERPINB2/PTPN12/SHC1/CASP1/SAA1/MMP1/IL6R/IL1B/GATA3/IL27RA/YWHAZ/IFNLR1/PTPRZ1/TNFRSF1A/FYN/CXCL8/FOXO1/IL7R/HIF1A/SOCS3/MAP3K7/BCL6/PTPN18/PAK2/CANX/CRKL/MAPK9/IL1RAP/STAT4/PPP2CB/CSF1/RALA/S1PR1/CXCL2/LCN2/JUNB/BTRC/NFKB2/IRAK3/CSF2/IL33/PTPN20/MAOA/SOX2/IL1RL2/CXCL1/CCL20/DUSP6/USP18/MUC1/IL13RA2/MAPK1/CTF1/PSMD2/RPS6KA1/SIGIRR/IL31RA/N4BP1/PIM1/RAG1/IL1RN/MAPK10/FBXW11/IL20RB/MAP2K1/IL1RL1/MAPK14/IL10RB/VRK3/YES1/TAB3/IL6ST/CDC42/PTPN13/LAMA5/PTGS2/MCL1/IL18R1/PELI1/USP14/IL6/AIP/IRAK2/HSP90B1/CBL/RORC/TNF/NFKB1/TP53/CRK/NLRX1/PELI3/IL13RA1/IL36G/CHUK/PTPN9/P4HB/SOCS2/MMP9/IL11RA/CASP3/ALOX15/CDKN1A/STX1A/ZEB1/CSF3/IL1R1/BCL2L1/PTPN2/PSME2/TBK1/PIK3CB/CISH/MAPK11/MYD88/PELI2/ADRM1/PITPNA/F13A1/CEBPD/NDN/STX4/GSTA2/VEGFA/CRLF1/TRAF6/PSMD14/PIK3CA/MTAP/NFKBIB/SOS1/TSLP/SOD1/MAPKAPK3/CD86/IL22RA1/SOCS1/IL17RA/UBC/RIPK2/IL2RB/UBB/AGER/TAB2/IL23A/CFL1/LGALS9/IL1R2/MAP2K6/IL15/STX3/NOD1/JAK3/LMNB1/NKIRAS1/H3C15/RPS6KA3/IL1RAPL1/H3C14/LYN/IL20RA/IL17RC/CSF1R/DUSP3/IL12RB2/IL9R/PIK3R1/BLNK/IL11/COL1A2/SOS2/IL36RN/IL7/IL18BP/BATF",216
"R-HSA-9820960","Respiratory syncytial virus (RSV) attachment and entry","17/4470","23/11214",0.739130434782609,1.85427487598483,3.33874304258442,0.000967670058335028,0.015757842812691,0.013611292977406,"GPC1/SDC1/SDC4/FURIN/HSPG2/EGFR/AGRN/TLR4/GPC3/RAB5A/GPC6/SDC3/LY96/SDC2/IGF1R/CD14/GPC2",17
"R-HSA-9913351","Formation of the dystrophin-glycoprotein complex (DGC)","24/4470","36/11214",0.666666666666667,1.67248322147651,3.29008064031829,0.00102319873375268,0.0165003213277981,0.0142526302923342,"LAMC2/LAMB1/ACTB/ACTG1/DMD/LAMA3/LAMB3/HSPG2/SNTA1/AGRN/SGCE/LAMA1/SSPN/LAMC3/LAMA2/LAMA5/ACTA2/LAMA4/DTNA/UTRN/SNTG2/SNTB2/SGCB/LAMC1",24
"R-HSA-9696264","RND3 GTPase cycle","27/4470","42/11214",0.642857142857143,1.61275167785235,3.23891523734983,0.00116810496789194,0.0186559841506587,0.0161146464700072,"CAV1/RND3/EPHA2/DST/CKB/TNFAIP1/DSP/PLEKHG5/TMOD3/FAM83B/FLOT2/RASAL2/CCDC88A/ROCK1/SEMA4F/VANGL2/CKAP4/PTPN13/PICALM/SCRIB/ARHGAP21/KCTD13/VANGL1/DSG1/CPD/PIK3R1/ARHGAP5",27
"R-HSA-1912420","Pre-NOTCH Processing in Golgi","14/4470","18/11214",0.777777777777778,1.95123042505593,3.28811071370367,0.00121852485746239,0.018668824753937,0.0161257379128719,"FURIN/NOTCH1/ST3GAL6/ATP2A2/MFNG/B4GALT1/NOTCH2/RAB6A/ST3GAL4/RFNG/LFNG/ATP2A1/NOTCH4/ATP2A3",14
"R-HSA-2243919","Crosslinking of collagen fibrils","14/4470","18/11214",0.777777777777778,1.95123042505593,3.28811071370367,0.00121852485746239,0.018668824753937,0.0161257379128719,"COL4A2/LOXL2/BMP1/COL4A1/COL4A6/PXDN/TLL1/COL1A1/LOX/LOXL1/COL4A3/COL1A2/COL4A4/TLL2",14
"R-HSA-446353","Cell-extracellular matrix interactions","14/4470","18/11214",0.777777777777778,1.95123042505593,3.28811071370367,0.00121852485746239,0.018668824753937,0.0161257379128719,"ACTN1/VASP/FLNA/FBLIM1/PXN/ACTB/ACTG1/ITGB1/PARVA/RSU1/PARVB/ILK/FERMT2/FLNC",14
"R-HSA-9830364","Formation of the nephric duct","14/4470","18/11214",0.777777777777778,1.95123042505593,3.28811071370367,0.00121852485746239,0.018668824753937,0.0161257379128719,"CTNNB1/MECOM/PAX8/GATA3/HOXB4/OSR1/BMP4/WFDC2/ID4/PAX2/HOXA6/NPNT/PLAC8/PCDH19",14
"R-HSA-9830369","Kidney development","29/4470","46/11214",0.630434782608696,1.58158739422235,3.21782254204272,0.00122510650101092,0.018668824753937,0.0161257379128719,"DLL1/FOXC1/SLIT2/CTNNB1/MECOM/JAG1/ITGB1/PAX8/GATA3/WT1/HOXD11/SIX1/HOXB4/OSR1/BMP4/FOXC2/WFDC2/HOXA11/LFNG/ID4/PAX2/HOXA6/NPNT/ROBO2/PLAC8/PCDH19/IRX2/IRX1/HOXC11",29
"R-HSA-1638091","Heparan sulfate/heparin (HS-GAG) metabolism","35/4470","58/11214",0.603448275862069,1.51388567461236,3.19434740823469,0.00125429191590721,0.0189398079301989,0.0163598074773352,"GPC1/SDC1/EXT1/SDC4/EXT2/GLB1L2/CSPG5/B3GALT6/HSPG2/VCAN/IDS/XYLT1/AGRN/XYLT2/HS3ST2/GUSB/UXS1/GLB1L3/HS3ST1/HPSE/HS6ST2/GPC3/CSPG4/GPC6/GLB1/NAGLU/SDC3/SDC2/GLCE/SGSH/B3GAT1/IDUA/SLC35D2/HS3ST4/GPC2",35
"R-HSA-192105","Synthesis of bile acids and bile salts","22/4470","33/11214",0.666666666666667,1.67248322147651,3.1495897698351,0.00165518338444831,0.0245469607282915,0.0212031480545399,"OSBPL3/SLC27A2/OSBPL9/OSBPL7/NCOA1/SLC27A5/HSD3B7/OSBPL1A/HSD17B4/CYP7B1/CYP27A1/CYP7A1/AKR1C1/CYP46A1/AKR1D1/NCOA2/OSBPL6/AMACR/AKR1C2/ACOX2/CYP39A1/ABCB11",22
"R-HSA-2559585","Oncogene Induced Senescence","22/4470","33/11214",0.666666666666667,1.67248322147651,3.1495897698351,0.00165518338444831,0.0245469607282915,0.0212031480545399,"ETS1/CDK6/ETS2/RB1/CDKN2B/ERF/TNRC6C/MAPK1/TFDP1/TP53/CDKN2C/TFDP2/MOV10/AGO1/E2F2/E2F1/TNRC6B/MDM4/UBC/UBB/CDKN2D/CDKN2A",22
"R-HSA-1660661","Sphingolipid de novo biosynthesis","24/4470","37/11214",0.648648648648649,1.62728097224742,3.11140282992173,0.00181727267773735,0.0267123001568295,0.0230735226805403,"KDSR/PRKD1/PRKD2/SPTLC2/SPHK1/CERS1/CERS6/SPTLC1/CERS3/SGMS2/PPM1L/DEGS1/ABCG2/SPTSSB/CERS5/CYB5B/CERS4/CERS2/VAPA/PRKD3/FA2H/MFSD2B/SPTLC3/SAMD8",24
"R-HSA-9664407","Parasite infection","35/4470","59/11214",0.593220338983051,1.48822659538164,3.06103674951244,0.00191170767358835,0.0273591384359213,0.0236322479724711,"SYK/MYH9/ARPC2/ACTB/ACTG1/ACTR2/ARPC1B/MYO10/FYN/SRC/WASF3/CYFIP2/MAPK1/ABI1/VAV2/YES1/CDC42/RAC1/ARPC3/CRK/PTK2/MYO9B/MYO5A/ABI2/NCKIPSD/ACTR3/VAV3/WASL/NCKAP1/ARPC4/ABL1/NCK1/LYN/WIPF1/WAS",35
"R-HSA-9664417","Leishmania phagocytosis","35/4470","59/11214",0.593220338983051,1.48822659538164,3.06103674951244,0.00191170767358835,0.0273591384359213,0.0236322479724711,"SYK/MYH9/ARPC2/ACTB/ACTG1/ACTR2/ARPC1B/MYO10/FYN/SRC/WASF3/CYFIP2/MAPK1/ABI1/VAV2/YES1/CDC42/RAC1/ARPC3/CRK/PTK2/MYO9B/MYO5A/ABI2/NCKIPSD/ACTR3/VAV3/WASL/NCKAP1/ARPC4/ABL1/NCK1/LYN/WIPF1/WAS",35
"R-HSA-9664422","FCGR3A-mediated phagocytosis","35/4470","59/11214",0.593220338983051,1.48822659538164,3.06103674951244,0.00191170767358835,0.0273591384359213,0.0236322479724711,"SYK/MYH9/ARPC2/ACTB/ACTG1/ACTR2/ARPC1B/MYO10/FYN/SRC/WASF3/CYFIP2/MAPK1/ABI1/VAV2/YES1/CDC42/RAC1/ARPC3/CRK/PTK2/MYO9B/MYO5A/ABI2/NCKIPSD/ACTR3/VAV3/WASL/NCKAP1/ARPC4/ABL1/NCK1/LYN/WIPF1/WAS",35
"R-HSA-168643","Nucleotide-binding domain, leucine rich repeat containing receptor (NLR) signaling pathways","34/4470","57/11214",0.596491228070175,1.49643235605793,3.0590014508581,0.00193842457901072,0.0273591384359213,0.0236322479724711,"MAPK13/TNFAIP3/APP/CASP1/CASP4/PANX1/MAP3K7/ITCH/NFKB2/NLRP1/BIRC3/MAPK14/TAB3/NLRP3/IRAK2/NFKB1/PSTPIP1/CHUK/SUGT1/PYCARD/TXN/BCL2L1/BIRC2/MAPK11/P2RX7/TRAF6/CYLD/UBC/RIPK2/UBB/TAB2/MAP2K6/NOD1/CARD9",34
"R-HSA-1655829","Regulation of cholesterol biosynthesis by SREBP (SREBF)","33/4470","55/11214",0.6,1.50523489932886,3.05786240698371,0.00196067698933617,0.0273591384359213,0.0236322479724711,"SQLE/SCD/MVD/FDPS/SEC24D/CYP51A1/NCOA1/ACACB/TBL1X/TM7SF2/HMGCS1/FDFT1/SEC24B/LSS/SAR1B/CARM1/MBTPS1/HMGCR/PMVK/DHCR7/IDI1/SREBF2/NFYC/SEC24A/CHD9/SC5D/NCOA2/SMARCD3/MVK/PPARA/GPAM/ELOVL6/HELZ2",33
"R-HSA-445355","Smooth Muscle Contraction","28/4470","45/11214",0.622222222222222,1.56098434004474,3.06976931966093,0.00197710878787033,0.0273591384359213,0.0236322479724711,"ANXA2/ANXA1/GUCY1A1/PAK1/TPM2/SORBS3/GUCY1B1/ITGB5/PXN/TPM4/MYL12B/MYL12A/TLN1/PDE5A/PAK2/MYL9/CALM2/CACNA1H/ITGA1/TPM3/CALD1/VCL/ACTA2/DYSF/MYL6/MYL5/CACNA1I/MYH11",28
"R-HSA-190828","Gap junction trafficking","29/4470","47/11214",0.617021276595745,1.5479365986006,3.0645511336628,0.00198948354692861,0.0273591384359213,0.0236322479724711,"GJB3/ACTB/ACTG1/GJB2/TUBB6/TUBA3D/GJB5/CLTB/GJB4/GJB1/CLTC/MYO6/GJA1/TUBB3/TUBA3E/GJB6/GJC1/TUBB4A/TUBA1A/TUBB2A/TUBB2B/DAB2/TUBAL3/CLTCL1/GJA3/TUBA1C/GJA4/TUBA8/GJC2",29
"R-HSA-157858","Gap junction trafficking and regulation","30/4470","49/11214",0.612244897959184,1.535953978907,3.06092062410355,0.00199304981983533,0.0273591384359213,0.0236322479724711,"GJB3/ACTB/ACTG1/GJB2/TUBB6/TUBA3D/GJB5/CLTB/GJB4/GJB1/CLTC/SRC/MYO6/GJA1/TUBB3/TUBA3E/GJB6/GJC1/TUBB4A/TUBA1A/TUBB2A/TUBB2B/DAB2/TUBAL3/CLTCL1/GJA3/TUBA1C/GJA4/TUBA8/GJC2",30
"R-HSA-1368108","BMAL1:CLOCK,NPAS2 activates circadian expression","18/4470","26/11214",0.692307692307692,1.73680949922561,3.0621153973999,0.00231883406023018,0.0315703555249371,0.0272698086634489,"BMAL2/NPAS2/SERPINE1/BHLHE40/NCOA1/TBL1X/CARM1/BMAL1/BHLHE41/NAMPT/CHD9/NCOA2/KLF15/NOCT/CLOCK/SMARCD3/PPARA/HELZ2",18
"R-HSA-6785807","Interleukin-4 and Interleukin-13 signaling","58/4470","108/11214",0.537037037037037,1.34727815063386,2.95234016622757,0.00237687142559541,0.0320974263245039,0.0277250813272276,"ANXA1/STAT6/FSCN1/IL4R/FN1/JAK1/LIF/VIM/ICAM1/MMP2/RHOU/TIMP1/TGFB1/IL1A/IL18/ITGB1/SAA1/MMP1/IL6R/IL1B/GATA3/CXCL8/FOXO1/HIF1A/SOCS3/BCL6/S1PR1/LCN2/JUNB/MAOA/SOX2/MUC1/IL13RA2/PIM1/LAMA5/PTGS2/MCL1/IL6/HSP90B1/RORC/TNF/TP53/IL13RA1/MMP9/ALOX15/CDKN1A/ZEB1/BCL2L1/F13A1/CEBPD/NDN/VEGFA/SOCS1/IL23A/JAK3/PIK3R1/COL1A2/BATF",58
"R-HSA-9619665","EGR2 and SOX10-mediated initiation of Schwann cell myelination","19/4470","28/11214",0.678571428571429,1.70234899328859,3.02935705379114,0.00251834299741803,0.0337336106347689,0.0291383828988181,"WWTR1/LAMB1/NAB1/TEAD1/CYP51A1/NAB2/MBP/SCD5/ADGRV1/LAMA2/HMGCR/MPZ/SREBF2/YAP1/ADGRG6/UTRN/PMP22/POU3F2/LAMC1",19
"R-HSA-71064","Lysine catabolism","10/4470","12/11214",0.833333333333333,2.09060402684564,3.07727159165754,0.00271221913230071,0.0360399678300118,0.0311305657037968,"ALDH7A1/AADAT/DLD/CRYM/HYKK/SLC25A21/GCDH/PHYKPL/AASS/PIPOX",10
"R-HSA-9013405","RHOD GTPase cycle","32/4470","54/11214",0.592592592592593,1.48665175242356,2.9183606850029,0.00301623934165923,0.0394871585125609,0.0341081764647932,"ACTN1/CAV1/MCAM/PAK6/BUB1B-PAK6/EFHD2/HINT2/PLXNA1/CPNE8/ESYT1/RHOD/VAMP3/RAB7A/ARHGAP1/PLXNB1/LMAN1/AKAP12/ARHGAP21/CAPZB/VRK2/SLC4A7/VANGL1/DIAPH2/DIAPH3/ADD3/LMNB1/ARHGAP12/MOSPD2/FILIP1/ARHGAP32/PIK3R1/ARHGAP5",32
"R-HSA-5663213","RHO GTPases Activate WASPs and WAVEs","23/4470","36/11214",0.638888888888889,1.60279642058166,2.94914247682556,0.00301918671348298,0.0394871585125609,0.0341081764647932,"ARPC2/ACTB/ACTG1/ACTR2/ARPC1B/WASF3/CYFIP2/MAPK1/ABI1/CDC42/RAC1/ARPC3/PTK2/ABI2/NCKIPSD/ACTR3/WASL/NCKAP1/ARPC4/ABL1/NCK1/WIPF1/WAS",23
"R-HSA-9013420","RHOU GTPase cycle","25/4470","40/11214",0.625,1.56795302013423,2.92950313610495,0.00312257528161401,0.0405202933028193,0.0350005765529597,"PAK1/SPTBN1/EPHA2/DST/IQGAP1/RHOU/PEAK1/CLTC/SRC/ARHGEF7/PAK4/SPTAN1/PAK2/MYO6/ARHGAP31/PARD6A/ARHGAP30/CDC42/NCK2/HGS/GIT1/VANGL1/USP9X/NCK1/PIK3R1",25
"R-HSA-8849932","Synaptic adhesion-like molecules","15/4470","21/11214",0.714285714285714,1.79194630872483,2.95724990296369,0.00338748728956237,0.0436171813020396,0.0376756032286701,"DLG3/RTN3/DLG1/FLOT2/LRFN2/LRFN1/PTPRS/GRIN1/FLOT1/GRIN2C/PTPRD/DLG4/LRFN4/GRIA1/GRIN2D",15
"R-HSA-421270","Cell-cell junction organization","48/4470","88/11214",0.545454545454545,1.36839536302624,2.82450179598888,0.00361584382093722,0.0461993583582825,0.0399060334245946,"ANGPTL4/PARD3/CLDN1/ADAM19/PARD6G/ACTB/ACTG1/CTNNB1/NECTIN2/CDH4/PVR/CLDN3/JUP/CDH3/NECTIN1/TNRC6C/SNAI1/PRDM8/CDH13/CADM1/CLDN15/PARD6A/CDH24/CLDN11/SDK2/F11R/NECTIN4/CDH11/MOV10/ANG/AGO1/CDH2/CLDN8/CLDN4/AFDN/SDK1/CDH15/TNRC6B/CDH12/PRKCI/CRB3/CDH8/CLDN9/CLDN16/CLDN23/AMOT/ZC3H12A/ZEB2",48
"R-HSA-418885","DCC mediated attractive signaling","11/4470","14/11214",0.785714285714286,1.97114093959732,2.96000988261422,0.00376306827441467,0.0475656653949991,0.0410862206872104,"FYN/SRC/CDC42/RAC1/PTK2/ABLIM1/TRIO/NTN1/WASL/ABLIM3/NCK1",11
"R-HSA-112409","RAF-independent MAPK1/3 activation","16/4470","23/11214",0.695652173913043,1.74519988327984,2.9124477326657,0.00378005287907277,0.0475656653949991,0.0410862206872104,"JAK1/DUSP4/DUSP7/DUSP5/IL6R/DUSP2/DUSP8/CDK1/DUSP6/MAPK1/MAP2K1/IL6ST/IL6/DUSP9/DUSP16/DUSP10",16
